Oxymax CSV File ,,,,,,,,,,,,,,,,,,,,,,,,,,,,,,,
,,,,,,,,,,,,,,,,,,,,,,,,,,,,,,,
,,,,,,,,,,,,,,,,,,,,,,,,,,,,,,,
,,,,,,,,,,,,,,,,,,,,,,,,,,,,,,,
CSV Generation Date,8/5/26 13:03,,,,,,,,,,,,,,,,,,,,,,,,,,,,,,
,,,,,,,,,,,,,,,,,,,,,,,,,,,,,,,
Experiment Started,7/6/26 9:04,,,,,,,,,,,,,,,,,,,,,,,,,,,,,,
,,,,,,,,,,,,,,,,,,,,,,,,,,,,,,,
Data Filename,C:\Users\Physio\Documents\2026-07-06Liu.CDTA,,,,,,,,,,,,,,,,,,,,,,,,,,,,,,
,,,,,,,,,,,,,,,,,,,,,,,,,,,,,,,
,,,,,,,,,,,,,,,,,,,,,,,,,,,,,,,
,,,,,,,,,,,,,,,,,,,,,,,,,,,,,,,
Group/Cage,0107,,,,,,,,,,,,,,,,,,,,,,,,,,,,,,
,,,,,,,,,,,,,,,,,,,,,,,,,,,,,,,
O2 Calibration Date,8/3/26 9:09,,,,,,,,,,,,,,,,,,,,,,,,,,,,,,
,,,,,,,,,,,,,,,,,,,,,,,,,,,,,,,
CO2 Calibration Date,8/3/26 9:09,,,,,,,,,,,,,,,,,,,,,,,,,,,,,,
,,,,,,,,,,,,,,,,,,,,,,,,,,,,,,,
Subject ID,E090,,,,,,,,,,,,,,,,,,,,,,,,,,,,,,
,,,,,,,,,,,,,,,,,,,,,,,,,,,,,,,
Subject Mass (G),35.51,,,,,,,,,,,,,,,,,,,,,,,,,,,,,,
,,,,,,,,,,,,,,,,,,,,,,,,,,,,,,,
,,,,,,,,,,,,,,,,,,,,,,,,,,,,,,,
,,,,,,,,,,,,,,,,,,,,,,,,,,,,,,,
Reference Settle Time (s),23,,,,,,,,,,,,,,,,,,,,,,,,,,,,,,
,,,,,,,,,,,,,,,,,,,,,,,,,,,,,,,
Reference Measure Time (s),2,,,,,,,,,,,,,,,,,,,,,,,,,,,,,,
,,,,,,,,,,,,,,,,,,,,,,,,,,,,,,,
Cage Settle Time (s),23,,,,,,,,,,,,,,,,,,,,,,,,,,,,,,
,,,,,,,,,,,,,,,,,,,,,,,,,,,,,,,
Cage Measure Time (s),2,,,,,,,,,,,,,,,,,,,,,,,,,,,,,,
,,,,,,,,,,,,,,,,,,,,,,,,,,,,,,,
Reference Method,EVRYNN=24,,,,,,,,,,,,,,,,,,,,,,,,,,,,,,
,,,,,,,,,,,,,,,,,,,,,,,,,,,,,,,
Heat Calculation Method,STD_0,,,,,,,,,,,,,,,,,,,,,,,,,,,,,,
,,,,,,,,,,,,,,,,,,,,,,,,,,,,,,,
,,,,,,,,,,,,,,,,,,,,,,,,,,,,,,,
,,,,,,,,,,,,,,,,,,,,,,,,,,,,,,,
,,,,,,,,,,,,,,,,,,,,,,,,,,,,,,,
,,,,,,,,,,,,,,,,,,,,,,,,,,,,,,,
:DATA,,,,,,,,,,,,,,,,,,,,,,,,,,,,,,,
,,,,,,,,,,,,,,,,,,,,,,,,,,,,,,,
===============,===============,===============,===============,===============,===============,===============,===============,===============,===============,===============,===============,===============,===============,===============,===============,===============,===============,===============,===============,===============,===============,===============,===============,===============,===============,===============,===============,===============,===============,===============,===============
,,,,,,,,,,,,,,,,,,,,,,,,,,,,,,,
INTERVAL,CHAN,DATE/TIME,VO2,O2IN,O2OUT,DO2,ACCO2,VCO2,CO2IN,CO2OUT,DCO2,ACCCO2,RER,HEAT,FLOW,PRESSURE,STATUS1,FEED1,FEED1 ACC,XTOT,XAMB,YTOT,YAMB,ZTOT,RH SAMP,RH REF,ENCLOSURE TEMP,ENCLOSURE SETPOINT,LED HUE,LED SATURATION,LED LIGHTNESS
,,,,,,,,,,,,,,,,,,,,,,,,,,,,,,,
#,,,ml/g/hr,%,%,,l,ml/g/hr,%,%,,l,,kcal/hr,LPM,kPa,,GRAMS,GRAMS,COUNTS,COUNTS,COUNTS,COUNTS,COUNTS,%,%,degC,degC,,%,%
,,,,,,,,,,,,,,,,,,,,,,,,,,,,,,,
===============,===============,===============,===============,===============,===============,===============,===============,===============,===============,===============,===============,===============,===============,===============,===============,===============,===============,===============,===============,===============,===============,===============,===============,===============,===============,===============,===============,===============,===============,===============,===============
,,,,,,,,,,,,,,,,,,,,,,,,,,,,,,,
1,0107,7/6/26 9:08,4,20.874,20.589,0.285,0,4,0.04,0.301,0.261,0,0.895,0.8,0.899,75,STABLE,0,0,425,204,335,148,90,3,1.2,21.6,21,0,0,100
,,,,,,,,,,,,,,,,,,,,,,,,,,,,,,,
2,0107,7/6/26 9:18,5,20.874,20.587,0.288,0,4,0.039,0.29,0.252,0,0.848,0.8,0.897,75,STABLE,0,0,1359,558,1029,533,421,2.6,1.2,21.6,21,0,0,100
,,,,,,,,,,,,,,,,,,,,,,,,,,,,,,,
3,0107,7/6/26 9:28,4,20.874,20.593,0.281,0.1,4,0.037,0.279,0.242,0,0.83,0.8,0.897,75,UNSTABLE,0,0,1314,528,1096,572,241,2.6,1.2,21,21,0,0,100
,,,,,,,,,,,,,,,,,,,,,,,,,,,,,,,
4,0107,7/6/26 9:39,4,20.874,20.609,0.265,0.1,3,0.036,0.266,0.231,0.1,0.84,0.7,0.896,75,STABLE,0,0,1427,547,992,470,97,2.6,1.2,21,21,0,0,100
,,,,,,,,,,,,,,,,,,,,,,,,,,,,,,,
5,0107,7/6/26 9:49,4,20.874,20.603,0.271,0.1,4,0.035,0.277,0.242,0.1,0.869,0.7,0.898,75,STABLE,0,0,1276,311,1156,216,527,2.7,1.1,21.1,21,0,0,100
,,,,,,,,,,,,,,,,,,,,,,,,,,,,,,,
6,0107,7/6/26 10:00,4,20.874,20.625,0.249,0.1,3,0.034,0.253,0.219,0.1,0.852,0.7,0.898,75,STABLE,0,0,1220,251,2113,260,18,2.7,1.1,21.3,21,0,0,100
,,,,,,,,,,,,,,,,,,,,,,,,,,,,,,,
7,0107,7/6/26 10:10,4,20.874,20.609,0.265,0.2,3,0.033,0.26,0.227,0.1,0.825,0.7,0.897,75,STABLE,0,0,1656,540,2014,666,160,2.7,1.1,21.5,21,0,0,100
,,,,,,,,,,,,,,,,,,,,,,,,,,,,,,,
8,0107,7/6/26 10:20,4,20.874,20.62,0.254,0.2,3,0.033,0.252,0.219,0.2,0.832,0.7,0.897,75,STABLE,0,0,1192,295,1324,414,356,2.7,1.1,21.6,21,0,0,100
,,,,,,,,,,,,,,,,,,,,,,,,,,,,,,,
9,0107,7/6/26 10:31,4,20.874,20.645,0.229,0.2,3,0.033,0.233,0.2,0.2,0.845,0.6,0.897,75,STABLE,0,0,483,20,618,57,0,2.7,1,21.4,21,0,0,100
,,,,,,,,,,,,,,,,,,,,,,,,,,,,,,,
10,0107,7/6/26 10:41,4,20.874,20.614,0.26,0.2,3,0.032,0.256,0.224,0.2,0.832,0.7,0.897,75,STABLE,0,0,1800,419,1253,404,128,2.7,1,20.9,21,0,0,100
,,,,,,,,,,,,,,,,,,,,,,,,,,,,,,,
11,0107,7/6/26 10:52,4,20.874,20.617,0.257,0.3,3,0.032,0.253,0.221,0.2,0.828,0.7,0.899,75,STABLE,0,0,795,192,1665,328,363,2.7,1,21,21,0,0,100
,,,,,,,,,,,,,,,,,,,,,,,,,,,,,,,
12,0107,7/6/26 11:02,3,20.874,20.665,0.209,0.3,3,0.031,0.215,0.184,0.2,0.852,0.6,0.897,75,STABLE,0,0,631,42,585,128,0,2.7,1,21.3,21,0,0,100
,,,,,,,,,,,,,,,,,,,,,,,,,,,,,,,
13,0107,7/6/26 11:13,3,20.874,20.662,0.212,0.3,3,0.031,0.21,0.179,0.3,0.809,0.6,0.896,75,STABLE,0.05,0.05,648,9,1513,1,0,2.7,1,21.5,21,0,0,100
,,,,,,,,,,,,,,,,,,,,,,,,,,,,,,,
14,0107,7/6/26 11:23,4,20.874,20.603,0.271,0.3,4,0.031,0.263,0.232,0.3,0.825,0.7,0.897,75,STABLE,0,0.05,1418,355,3110,326,304,2.7,0.9,21.7,21,0,0,100
,,,,,,,,,,,,,,,,,,,,,,,,,,,,,,,
15,0107,7/6/26 11:33,4,20.874,20.598,0.276,0.3,4,0.031,0.269,0.238,0.3,0.83,0.7,0.897,75,STABLE,0.03,0.08,1489,571,2114,727,412,2.8,0.9,21.1,21,0,0,100
,,,,,,,,,,,,,,,,,,,,,,,,,,,,,,,
16,0107,7/6/26 11:44,4,20.874,20.607,0.267,0.4,4,0.03,0.268,0.238,0.3,0.864,0.7,0.897,75,STABLE,0.04,0.12,1649,458,1153,304,442,2.8,0.9,20.9,21,0,0,100
,,,,,,,,,,,,,,,,,,,,,,,,,,,,,,,
17,0107,7/6/26 11:54,4,20.874,20.61,0.264,0.4,4,0.03,0.271,0.241,0.3,0.893,0.7,0.898,75,STABLE,0,0.12,1321,436,1260,366,177,2.8,0.9,21.2,21,0,0,100
,,,,,,,,,,,,,,,,,,,,,,,,,,,,,,,
18,0107,7/6/26 12:05,4,20.874,20.61,0.264,0.4,4,0.03,0.268,0.238,0.4,0.879,0.7,0.897,75,STABLE,0,0.12,1079,134,1606,193,38,2.8,0.9,21.4,21,0,0,100
,,,,,,,,,,,,,,,,,,,,,,,,,,,,,,,
19,0107,7/6/26 12:15,4,20.874,20.643,0.231,0.4,3,0.03,0.233,0.203,0.4,0.85,0.6,0.898,75,STABLE,0,0.12,226,18,1426,89,0,2.8,0.9,21.7,21,0,0,100
,,,,,,,,,,,,,,,,,,,,,,,,,,,,,,,
20,0107,7/6/26 12:25,4,20.874,20.625,0.25,0.5,3,0.03,0.244,0.214,0.4,0.826,0.7,0.897,75,STABLE,0,0.12,265,77,2537,274,32,2.8,0.9,21.1,21,0,0,100
,,,,,,,,,,,,,,,,,,,,,,,,,,,,,,,
21,0107,7/6/26 12:36,4,20.874,20.61,0.264,0.5,3,0.03,0.259,0.229,0.4,0.838,0.7,0.897,75,STABLE,0.07,0.19,1346,434,1127,353,627,2.8,0.8,21,21,0,0,100
,,,,,,,,,,,,,,,,,,,,,,,,,,,,,,,
22,0107,7/6/26 12:46,4,20.874,20.618,0.256,0.5,3,0.029,0.26,0.231,0.4,0.879,0.7,0.896,75,UNSTABLE,0.03,0.22,965,321,970,346,261,2.8,0.8,21.3,21,0,0,100
,,,,,,,,,,,,,,,,,,,,,,,,,,,,,,,
23,0107,7/6/26 12:57,3,20.874,20.671,0.203,0.5,3,0.029,0.206,0.177,0.5,0.841,0.5,0.896,75,STABLE,0,0.22,498,64,1266,146,42,2.8,0.8,21.5,21,0,0,100
,,,,,,,,,,,,,,,,,,,,,,,,,,,,,,,
24,0107,7/6/26 13:07,3,20.874,20.657,0.217,0.6,3,0.029,0.216,0.186,0.5,0.826,0.6,0.897,75,STABLE,0,0.22,346,25,756,121,0,2.8,0.8,21.6,21,0,0,100
,,,,,,,,,,,,,,,,,,,,,,,,,,,,,,,
25,0107,7/6/26 13:18,4,20.874,20.652,0.222,0.6,3,0.029,0.214,0.185,0.5,0.799,0.6,0.896,75,STABLE,0,0.22,364,2,590,50,0,2.8,0.8,21,21,0,0,100
,,,,,,,,,,,,,,,,,,,,,,,,,,,,,,,
26,0107,7/6/26 13:28,4,20.874,20.629,0.246,0.6,3,0.029,0.233,0.204,0.5,0.795,0.7,0.897,75,UNSTABLE,0.06,0.28,1919,37,1469,125,349,2.8,0.8,21.1,21,0,0,100
,,,,,,,,,,,,,,,,,,,,,,,,,,,,,,,
27,0107,7/6/26 13:38,4,20.874,20.607,0.267,0.6,4,0.029,0.261,0.232,0.5,0.839,0.7,0.898,75,UNSTABLE,0.05,0.33,1641,514,1440,522,116,2.8,0.8,21.3,21,0,0,100
,,,,,,,,,,,,,,,,,,,,,,,,,,,,,,,
28,0107,7/6/26 13:49,4,20.874,20.622,0.252,0.7,3,0.029,0.241,0.212,0.6,0.808,0.7,0.897,75,UNSTABLE,0,0.33,1091,266,633,206,423,2.8,0.8,21.6,21,0,0,100
,,,,,,,,,,,,,,,,,,,,,,,,,,,,,,,
29,0107,7/6/26 13:59,4,20.874,20.621,0.253,0.7,3,0.029,0.253,0.224,0.6,0.862,0.7,0.898,75,STABLE,0.03,0.36,1213,177,825,162,239,2.8,0.7,21.4,21,0,0,100
,,,,,,,,,,,,,,,,,,,,,,,,,,,,,,,
30,0107,7/6/26 14:10,3,20.874,20.683,0.191,0.7,2,0.028,0.193,0.164,0.6,0.827,0.5,0.896,75,STABLE,0,0.36,307,8,840,110,0,2.8,0.7,20.9,21,0,0,100
,,,,,,,,,,,,,,,,,,,,,,,,,,,,,,,
31,0107,7/6/26 14:20,3,20.874,20.668,0.206,0.7,3,0.028,0.209,0.181,0.6,0.849,0.6,0.898,75,STABLE,0,0.36,118,22,790,6,0,2.8,0.7,21.1,21,0,0,100
,,,,,,,,,,,,,,,,,,,,,,,,,,,,,,,
32,0107,7/6/26 14:30,3,20.874,20.659,0.215,0.7,3,0.028,0.212,0.184,0.6,0.823,0.6,0.897,75,STABLE,0.07,0.43,323,26,843,72,2,2.8,0.7,21.4,21,0,0,100
,,,,,,,,,,,,,,,,,,,,,,,,,,,,,,,
33,0107,7/6/26 14:41,3,20.874,20.672,0.203,0.8,3,0.028,0.198,0.17,0.6,0.807,0.5,0.897,75,STABLE,0,0.43,673,17,1048,74,0,2.8,0.7,21.6,21,0,0,100
,,,,,,,,,,,,,,,,,,,,,,,,,,,,,,,
34,0107,7/6/26 14:51,4,20.874,20.642,0.233,0.8,3,0.028,0.23,0.202,0.7,0.837,0.6,0.897,75,STABLE,0,0.43,331,77,1274,141,9,2.9,0.7,21.3,21,0,0,100
,,,,,,,,,,,,,,,,,,,,,,,,,,,,,,,
35,0107,7/6/26 15:02,4,20.874,20.637,0.237,0.8,3,0.028,0.237,0.209,0.7,0.853,0.6,0.899,75,STABLE,0.07,0.5,1013,159,424,130,535,2.8,0.7,20.9,21,0,0,100
,,,,,,,,,,,,,,,,,,,,,,,,,,,,,,,
36,0107,7/6/26 15:12,3,20.874,20.651,0.223,0.8,3,0.028,0.231,0.203,0.7,0.887,0.6,0.898,75,STABLE,0,0.5,320,32,522,13,0,2.9,0.7,21.2,21,0,0,100
,,,,,,,,,,,,,,,,,,,,,,,,,,,,,,,
37,0107,7/6/26 15:23,3,20.874,20.67,0.204,0.9,3,0.028,0.205,0.177,0.7,0.842,0.6,0.898,75,STABLE,0,0.5,619,12,360,10,0,2.9,0.7,21.5,21,0,0,100
,,,,,,,,,,,,,,,,,,,,,,,,,,,,,,,
38,0107,7/6/26 15:33,3,20.874,20.681,0.194,0.9,3,0.027,0.193,0.166,0.7,0.826,0.5,0.897,75,STABLE,0,0.5,1260,96,154,15,0,2.9,0.6,21.7,21,0,0,100
,,,,,,,,,,,,,,,,,,,,,,,,,,,,,,,
39,0107,7/6/26 15:43,3,20.874,20.676,0.198,0.9,3,0.027,0.195,0.168,0.7,0.814,0.5,0.897,75,STABLE,0,0.5,283,10,19,5,0,2.9,0.6,21,21,0,0,100
,,,,,,,,,,,,,,,,,,,,,,,,,,,,,,,
40,0107,7/6/26 15:54,4,20.874,20.614,0.26,0.9,3,0.027,0.256,0.229,0.8,0.854,0.7,0.897,75,STABLE,0.09,0.59,928,231,1174,257,468,2.9,0.6,21,21,0,0,100
,,,,,,,,,,,,,,,,,,,,,,,,,,,,,,,
41,0107,7/6/26 16:04,4,20.874,20.6,0.274,0.9,4,0.027,0.278,0.251,0.8,0.895,0.7,0.899,75,UNSTABLE,0,0.59,1443,406,926,318,571,2.8,0.6,21.3,21,0,0,100
,,,,,,,,,,,,,,,,,,,,,,,,,,,,,,,
42,0107,7/6/26 16:15,4,20.874,20.606,0.269,1,4,0.027,0.28,0.253,0.8,0.927,0.7,0.898,75,STABLE,0.04,0.63,941,236,1157,346,144,2.9,0.6,21.5,21,0,0,100
,,,,,,,,,,,,,,,,,,,,,,,,,,,,,,,
43,0107,7/6/26 16:25,3,20.874,20.662,0.212,1,3,0.027,0.219,0.192,0.8,0.881,0.6,0.898,75,STABLE,0,0.63,1314,310,902,144,146,2.9,0.6,21.6,21,0,0,100
,,,,,,,,,,,,,,,,,,,,,,,,,,,,,,,
44,0107,7/6/26 16:35,3,20.874,20.671,0.203,1,3,0.027,0.211,0.184,0.9,0.884,0.6,0.897,75,STABLE,0,0.63,1315,85,617,98,0,2.9,0.6,20.9,21,0,0,100
,,,,,,,,,,,,,,,,,,,,,,,,,,,,,,,
45,0107,7/6/26 16:46,3,20.874,20.653,0.222,1,3,0.027,0.219,0.192,0.9,0.838,0.6,0.897,75,STABLE,0.06,0.69,4014,157,253,14,0,2.8,0.6,21.1,21,0,0,100
,,,,,,,,,,,,,,,,,,,,,,,,,,,,,,,
46,0107,7/6/26 16:56,3,20.874,20.662,0.212,1,3,0.027,0.206,0.179,0.9,0.808,0.6,0.899,75,STABLE,0,0.69,555,6,1174,38,0,2.9,0.6,21.3,21,0,0,100
,,,,,,,,,,,,,,,,,,,,,,,,,,,,,,,
47,0107,7/6/26 17:07,3,20.874,20.661,0.213,1.1,3,0.027,0.213,0.186,0.9,0.844,0.6,0.898,75,STABLE,0,0.69,653,35,304,60,70,2.9,0.6,21.6,21,0,0,100
,,,,,,,,,,,,,,,,,,,,,,,,,,,,,,,
48,0107,7/6/26 17:17,3,20.874,20.663,0.211,1.1,3,0.027,0.209,0.182,0.9,0.834,0.6,0.897,75,STABLE,0,0.69,2610,393,1316,51,0,2.9,0.5,21.3,21,0,0,100
,,,,,,,,,,,,,,,,,,,,,,,,,,,,,,,
49,0107,7/6/26 17:28,3,20.874,20.667,0.207,1.1,3,0.026,0.201,0.174,0.9,0.808,0.6,0.898,75,STABLE,0.05,0.74,829,13,284,14,0,2.8,0.5,20.9,21,0,0,100
,,,,,,,,,,,,,,,,,,,,,,,,,,,,,,,
50,0107,7/6/26 17:38,4,20.874,20.632,0.242,1.1,3,0.027,0.233,0.206,1,0.819,0.7,0.898,75,STABLE,0,0.74,425,57,832,203,6,2.8,0.5,21.2,21,0,0,100
,,,,,,,,,,,,,,,,,,,,,,,,,,,,,,,
51,0107,7/6/26 17:48,4,20.874,20.636,0.238,1.2,3,0.026,0.231,0.204,1,0.827,0.6,0.899,75,UNSTABLE,0,0.74,302,54,110,29,253,2.9,0.5,21.4,21,0,0,100
,,,,,,,,,,,,,,,,,,,,,,,,,,,,,,,
52,0107,7/6/26 17:59,3,20.874,20.657,0.217,1.2,3,0.026,0.221,0.194,1,0.871,0.6,0.898,75,STABLE,0,0.74,1113,62,980,62,231,2.9,0.5,21.7,21,0,0,100
,,,,,,,,,,,,,,,,,,,,,,,,,,,,,,,
53,0107,7/6/26 18:09,3,20.874,20.675,0.199,1.2,3,0.027,0.202,0.175,1,0.852,0.5,0.897,75,STABLE,0.08,0.82,1875,50,775,70,1,2.9,0.5,21,21,0,0,100
,,,,,,,,,,,,,,,,,,,,,,,,,,,,,,,
54,0107,7/6/26 18:20,3,20.874,20.662,0.212,1.2,3,0.027,0.206,0.179,1,0.811,0.6,0.897,75,STABLE,0,0.82,647,5,659,17,0,2.9,0.5,21,21,0,0,100
,,,,,,,,,,,,,,,,,,,,,,,,,,,,,,,
55,0107,7/6/26 18:30,3,20.874,20.667,0.207,1.2,3,0.026,0.198,0.172,1,0.795,0.6,0.898,75,STABLE,0,0.82,918,12,664,36,1,2.9,0.5,21.3,21,0,0,0
,,,,,,,,,,,,,,,,,,,,,,,,,,,,,,,
56,0107,7/6/26 18:40,3,20.874,20.67,0.205,1.3,3,0.026,0.199,0.172,1.1,0.809,0.6,0.898,75,STABLE,0,0.82,1068,63,561,62,15,2.9,0.5,21.3,21,0,0,0
,,,,,,,,,,,,,,,,,,,,,,,,,,,,,,,
57,0107,7/6/26 18:51,3,20.874,20.661,0.213,1.3,3,0.026,0.203,0.177,1.1,0.794,0.6,0.898,75,UNSTABLE,0,0.82,1283,48,833,9,92,2.9,0.5,21.3,21,0,0,0
,,,,,,,,,,,,,,,,,,,,,,,,,,,,,,,
58,0107,7/6/26 19:01,4,20.874,20.612,0.262,1.3,3,0.026,0.256,0.23,1.1,0.851,0.7,0.898,75,STABLE,0.08,0.91,995,333,962,332,497,2.9,0.5,21.2,21,0,0,0
,,,,,,,,,,,,,,,,,,,,,,,,,,,,,,,
59,0107,7/6/26 19:12,4,20.874,20.615,0.259,1.3,4,0.026,0.265,0.239,1.1,0.903,0.7,0.898,75,STABLE,0.07,0.98,1094,279,637,193,568,2.8,0.4,21.2,21,0,0,0
,,,,,,,,,,,,,,,,,,,,,,,,,,,,,,,
60,0107,7/6/26 19:22,4,20.874,20.619,0.255,1.3,4,0.026,0.266,0.24,1.1,0.927,0.7,0.898,75,STABLE,0.04,1.02,1239,186,1000,202,207,2.9,0.4,21.1,21,0,0,0
,,,,,,,,,,,,,,,,,,,,,,,,,,,,,,,
61,0107,7/6/26 19:33,4,20.874,20.647,0.227,1.4,3,0.026,0.226,0.199,1.2,0.853,0.6,0.898,75,STABLE,0,1.02,1712,239,7,1,0,2.9,0.4,21.1,21,0,0,0
,,,,,,,,,,,,,,,,,,,,,,,,,,,,,,,
62,0107,7/6/26 19:43,4,20.874,20.626,0.249,1.4,3,0.026,0.243,0.216,1.2,0.841,0.7,0.898,75,STABLE,0,1.02,2305,117,1032,130,42,2.8,0.4,21,21,0,0,0
,,,,,,,,,,,,,,,,,,,,,,,,,,,,,,,
63,0107,7/6/26 19:53,4,20.874,20.638,0.236,1.4,3,0.026,0.234,0.208,1.2,0.854,0.6,0.898,75,STABLE,0.03,1.05,456,103,1673,136,352,2.8,0.4,21,21,0,0,0
,,,,,,,,,,,,,,,,,,,,,,,,,,,,,,,
64,0107,7/6/26 20:04,4,20.874,20.628,0.246,1.4,3,0.026,0.238,0.212,1.2,0.832,0.7,0.898,75,STABLE,0,1.05,172,44,1248,108,5,2.8,0.4,21,21,0,0,0
,,,,,,,,,,,,,,,,,,,,,,,,,,,,,,,
65,0107,7/6/26 20:14,4,20.874,20.612,0.263,1.5,3,0.026,0.253,0.227,1.2,0.834,0.7,0.898,75,STABLE,0.05,1.11,1147,285,2405,373,955,2.8,0.4,20.9,21,0,0,0
,,,,,,,,,,,,,,,,,,,,,,,,,,,,,,,
66,0107,7/6/26 20:25,4,20.874,20.604,0.27,1.5,4,0.026,0.264,0.238,1.3,0.853,0.7,0.898,75,STABLE,0,1.11,1468,480,1306,547,567,2.9,0.4,20.9,21,0,0,0
,,,,,,,,,,,,,,,,,,,,,,,,,,,,,,,
67,0107,7/6/26 20:35,4,20.874,20.608,0.266,1.5,4,0.026,0.272,0.246,1.3,0.905,0.7,0.898,75,STABLE,0,1.11,987,131,833,237,413,2.9,0.4,20.9,21,0,0,0
,,,,,,,,,,,,,,,,,,,,,,,,,,,,,,,
68,0107,7/6/26 20:45,4,20.874,20.631,0.243,1.5,3,0.026,0.237,0.211,1.3,0.84,0.7,0.898,75,STABLE,0,1.11,1437,90,721,176,0,2.9,0.4,20.9,21,0,0,0
,,,,,,,,,,,,,,,,,,,,,,,,,,,,,,,
69,0107,7/6/26 20:56,4,20.874,20.635,0.239,1.6,3,0.026,0.237,0.211,1.3,0.855,0.6,0.897,75,STABLE,0.04,1.15,1730,225,343,92,682,2.8,0.3,21,21,0,0,0
,,,,,,,,,,,,,,,,,,,,,,,,,,,,,,,
70,0107,7/6/26 21:06,4,20.874,20.61,0.264,1.6,4,0.026,0.261,0.234,1.3,0.861,0.7,0.897,75,STABLE,0.04,1.18,1042,190,754,169,404,2.8,0.3,21.3,21,0,0,0
,,,,,,,,,,,,,,,,,,,,,,,,,,,,,,,
71,0107,7/6/26 21:17,4,20.874,20.596,0.279,1.6,4,0.026,0.265,0.239,1.4,0.826,0.8,0.897,75,UNSTABLE,0,1.18,1565,546,1057,405,361,2.8,0.3,21.4,21,0,0,0
,,,,,,,,,,,,,,,,,,,,,,,,,,,,,,,
72,0107,7/6/26 21:27,4,20.874,20.594,0.28,1.6,4,0.026,0.278,0.252,1.4,0.875,0.8,0.898,75,UNSTABLE,0.06,1.24,1078,117,436,55,1547,2.8,0.3,21.6,21,0,0,0
,,,,,,,,,,,,,,,,,,,,,,,,,,,,,,,
73,0107,7/6/26 21:38,4,20.874,20.59,0.284,1.7,4,0.026,0.284,0.257,1.4,0.883,0.8,0.897,75,UNSTABLE,0.07,1.31,1499,581,1451,679,562,2.8,0.3,21.7,21,0,0,0
,,,,,,,,,,,,,,,,,,,,,,,,,,,,,,,
74,0107,7/6/26 21:48,4,20.874,20.61,0.264,1.7,4,0.026,0.278,0.251,1.4,0.942,0.7,0.898,75,STABLE,0.1,1.41,880,128,459,31,684,2.8,0.3,21.6,21,0,0,0
,,,,,,,,,,,,,,,,,,,,,,,,,,,,,,,
75,0107,7/6/26 21:58,4,20.874,20.621,0.253,1.7,4,0.026,0.265,0.238,1.5,0.927,0.7,0.898,75,UNSTABLE,0,1.41,2626,58,1726,68,249,2.8,0.3,21.6,21,0,0,0
,,,,,,,,,,,,,,,,,,,,,,,,,,,,,,,
76,0107,7/6/26 22:09,4,20.874,20.587,0.287,1.7,4,0.026,0.305,0.279,1.5,0.965,0.8,0.899,75,STABLE,0.13,1.54,1291,306,2996,392,1291,2.8,0.3,21.5,21,0,0,0
,,,,,,,,,,,,,,,,,,,,,,,,,,,,,,,
77,0107,7/6/26 22:19,4,20.874,20.584,0.29,1.8,4,0.027,0.304,0.278,1.5,0.948,0.8,0.899,75,STABLE,0.03,1.58,1210,439,1427,588,573,2.8,0.3,21.5,21,0,0,0
,,,,,,,,,,,,,,,,,,,,,,,,,,,,,,,
78,0107,7/6/26 22:30,4,20.874,20.594,0.28,1.8,4,0.027,0.291,0.265,1.5,0.932,0.8,0.897,75,UNSTABLE,0,1.58,1551,509,1143,424,436,2.8,0.3,21.4,21,0,0,0
,,,,,,,,,,,,,,,,,,,,,,,,,,,,,,,
79,0107,7/6/26 22:40,4,20.874,20.591,0.284,1.8,4,0.027,0.295,0.269,1.6,0.935,0.8,0.898,75,UNSTABLE,0.03,1.61,1153,331,814,292,710,2.8,0.3,21.4,21,0,0,0
,,,,,,,,,,,,,,,,,,,,,,,,,,,,,,,
80,0107,7/6/26 22:50,4,20.874,20.601,0.273,1.9,4,0.026,0.291,0.265,1.6,0.961,0.7,0.898,75,UNSTABLE,0,1.61,1318,223,600,137,665,2.8,0.3,21.3,21,0,0,0
,,,,,,,,,,,,,,,,,,,,,,,,,,,,,,,
81,0107,7/6/26 23:01,4,20.874,20.593,0.281,1.9,4,0.027,0.298,0.271,1.6,0.954,0.8,0.898,75,STABLE,0.07,1.68,1205,495,1242,538,413,2.8,0.3,21.3,21,0,0,0
,,,,,,,,,,,,,,,,,,,,,,,,,,,,,,,
82,0107,7/6/26 23:11,4,20.874,20.615,0.259,1.9,4,0.027,0.269,0.242,1.6,0.92,0.7,0.898,75,STABLE,0,1.68,1682,385,1035,238,19,2.8,0.3,21.2,21,0,0,0
,,,,,,,,,,,,,,,,,,,,,,,,,,,,,,,
83,0107,7/6/26 23:22,3,20.874,20.65,0.224,1.9,3,0.027,0.226,0.199,1.7,0.863,0.6,0.898,75,STABLE,0,1.68,338,27,704,173,0,2.8,0.3,21.1,21,0,0,0
,,,,,,,,,,,,,,,,,,,,,,,,,,,,,,,
84,0107,7/6/26 23:32,4,20.874,20.64,0.234,2,3,0.027,0.236,0.209,1.7,0.869,0.6,0.897,75,STABLE,0.05,1.73,587,51,378,65,0,2.8,0.2,21.1,21,0,0,0
,,,,,,,,,,,,,,,,,,,,,,,,,,,,,,,
85,0107,7/6/26 23:43,4,20.874,20.614,0.26,2,4,0.027,0.261,0.233,1.7,0.872,0.7,0.897,75,STABLE,0.04,1.77,511,13,164,15,551,2.8,0.2,21,21,0,0,0
,,,,,,,,,,,,,,,,,,,,,,,,,,,,,,,
86,0107,7/6/26 23:53,4,20.874,20.596,0.279,2,4,0.027,0.292,0.265,1.7,0.939,0.8,0.897,75,UNSTABLE,0,1.77,891,216,669,204,435,2.8,0.2,21,21,0,0,0
,,,,,,,,,,,,,,,,,,,,,,,,,,,,,,,
87,0107,7/7/26 0:03,4,20.874,20.605,0.269,2,4,0.027,0.292,0.265,1.7,0.983,0.7,0.896,75,STABLE,0.16,1.93,1847,309,633,180,612,2.8,0.2,20.9,21,0,0,0
,,,,,,,,,,,,,,,,,,,,,,,,,,,,,,,
88,0107,7/7/26 0:14,4,20.874,20.604,0.271,2.1,4,0.027,0.294,0.267,1.8,0.985,0.7,0.896,75,STABLE,0.04,1.97,1465,313,1273,480,745,2.8,0.2,20.9,21,0,0,0
,,,,,,,,,,,,,,,,,,,,,,,,,,,,,,,
89,0107,7/7/26 0:24,4,20.874,20.609,0.266,2.1,4,0.027,0.295,0.268,1.8,1.011,0.7,0.897,75,STABLE,0.03,2,1011,292,1900,321,55,2.8,0.2,20.9,21,0,0,0
,,,,,,,,,,,,,,,,,,,,,,,,,,,,,,,
90,0107,7/7/26 0:35,4,20.874,20.614,0.261,2.1,4,0.027,0.281,0.254,1.8,0.968,0.7,0.896,75,STABLE,0,2,920,41,2396,61,0,2.8,0.2,20.9,21,0,0,0
,,,,,,,,,,,,,,,,,,,,,,,,,,,,,,,
91,0107,7/7/26 0:45,4,20.874,20.619,0.255,2.1,4,0.027,0.267,0.24,1.8,0.926,0.7,0.899,75,STABLE,0,2,91,27,1354,64,3,2.8,0.2,20.9,21,0,0,0
,,,,,,,,,,,,,,,,,,,,,,,,,,,,,,,
92,0107,7/7/26 0:55,4,20.874,20.627,0.247,2.1,3,0.028,0.255,0.227,1.9,0.903,0.7,0.898,75,STABLE,0.07,2.08,2766,66,769,40,5,2.8,0.2,21,21,0,0,0
,,,,,,,,,,,,,,,,,,,,,,,,,,,,,,,
93,0107,7/7/26 1:06,4,20.874,20.609,0.265,2.2,4,0.028,0.279,0.251,1.9,0.932,0.7,0.898,75,UNSTABLE,0.08,2.16,1071,207,2683,358,875,2.8,0.2,21.1,21,0,0,0
,,,,,,,,,,,,,,,,,,,,,,,,,,,,,,,
94,0107,7/7/26 1:16,4,20.874,20.61,0.265,2.2,4,0.028,0.289,0.262,1.9,0.986,0.7,0.898,75,STABLE,0.47,2.62,1127,73,1822,60,68,2.8,0.2,21.2,21,0,0,0
,,,,,,,,,,,,,,,,,,,,,,,,,,,,,,,
95,0107,7/7/26 1:27,4,20.874,20.577,0.297,2.2,5,0.028,0.328,0.3,1.9,1.011,0.8,0.897,75,STABLE,0,2.62,1443,566,1027,371,169,2.8,0.2,21.2,21,0,0,0
,,,,,,,,,,,,,,,,,,,,,,,,,,,,,,,
96,0107,7/7/26 1:37,4,20.874,20.591,0.283,2.3,4,0.028,0.315,0.288,2,1.02,0.8,0.897,75,UNSTABLE,0,2.62,1716,328,1230,379,76,2.8,0.2,21.3,21,0,0,0
,,,,,,,,,,,,,,,,,,,,,,,,,,,,,,,
97,0107,7/7/26 1:48,4,20.874,20.589,0.285,2.3,4,0.028,0.317,0.289,2,1.018,0.8,0.897,75,STABLE,0,2.62,1159,329,1228,422,96,2.8,0.2,21.4,21,0,0,0
,,,,,,,,,,,,,,,,,,,,,,,,,,,,,,,
98,0107,7/7/26 1:58,4,20.874,20.597,0.277,2.3,4,0.028,0.306,0.278,2,1.006,0.8,0.897,75,STABLE,0,2.62,1052,95,564,123,0,2.8,0.2,21.5,21,0,0,0
,,,,,,,,,,,,,,,,,,,,,,,,,,,,,,,
99,0107,7/7/26 2:08,4,20.874,20.601,0.274,2.3,4,0.028,0.3,0.272,2,0.995,0.7,0.897,75,UNSTABLE,0,2.62,1893,312,144,42,5,2.8,0.1,21.6,21,0,0,0
,,,,,,,,,,,,,,,,,,,,,,,,,,,,,,,
100,0107,7/7/26 2:19,4,20.874,20.606,0.268,2.4,4,0.028,0.298,0.27,2.1,1.01,0.7,0.898,75,UNSTABLE,0,2.62,2387,333,1123,398,106,2.8,0.1,21.7,21,0,0,0
,,,,,,,,,,,,,,,,,,,,,,,,,,,,,,,
101,0107,7/7/26 2:29,4,20.874,20.593,0.281,2.4,4,0.028,0.306,0.278,2.1,0.984,0.8,0.899,75,UNSTABLE,0.03,2.66,1451,542,1544,583,143,2.8,0.1,21.6,21,0,0,0
,,,,,,,,,,,,,,,,,,,,,,,,,,,,,,,
102,0107,7/7/26 2:40,4,20.874,20.6,0.274,2.4,4,0.028,0.292,0.264,2.1,0.956,0.7,0.898,75,UNSTABLE,0,2.66,1480,486,1465,517,161,2.8,0.1,21.6,21,0,0,0
,,,,,,,,,,,,,,,,,,,,,,,,,,,,,,,
103,0107,7/7/26 2:50,4,20.874,20.607,0.267,2.4,4,0.028,0.293,0.265,2.1,0.987,0.7,0.899,75,STABLE,0.06,2.72,868,116,400,14,390,2.9,0.1,21.6,21,0,0,0
,,,,,,,,,,,,,,,,,,,,,,,,,,,,,,,
104,0107,7/7/26 3:00,4,20.874,20.61,0.264,2.5,4,0.028,0.283,0.254,2.2,0.956,0.7,0.898,75,UNSTABLE,0,2.72,378,87,200,44,158,2.9,0.1,21.6,21,0,0,0
,,,,,,,,,,,,,,,,,,,,,,,,,,,,,,,
105,0107,7/7/26 3:11,4,20.874,20.613,0.261,2.5,4,0.028,0.282,0.254,2.2,0.966,0.7,0.898,75,STABLE,0,2.72,557,103,485,61,110,2.9,0.1,21.6,21,0,0,0
,,,,,,,,,,,,,,,,,,,,,,,,,,,,,,,
106,0107,7/7/26 3:21,4,20.874,20.601,0.273,2.5,4,0.029,0.295,0.266,2.2,0.97,0.7,0.897,75,STABLE,0.05,2.77,982,271,1094,396,299,2.9,0.1,21.6,21,0,0,0
,,,,,,,,,,,,,,,,,,,,,,,,,,,,,,,
107,0107,7/7/26 3:32,4,20.874,20.586,0.288,2.5,4,0.029,0.313,0.284,2.2,0.983,0.8,0.897,75,UNSTABLE,0,2.77,1029,216,659,187,459,2.9,0.1,21.5,21,0,0,0
,,,,,,,,,,,,,,,,,,,,,,,,,,,,,,,
108,0107,7/7/26 3:42,4,20.874,20.605,0.27,2.6,4,0.029,0.297,0.269,2.3,0.995,0.7,0.897,75,STABLE,0.12,2.89,1251,249,1420,270,358,2.8,0.1,21.5,21,0,0,0
,,,,,,,,,,,,,,,,,,,,,,,,,,,,,,,
109,0107,7/7/26 3:53,4,20.874,20.584,0.291,2.6,4,0.029,0.313,0.284,2.3,0.972,0.8,0.897,75,UNSTABLE,0.03,2.92,1648,425,992,267,413,2.8,0.1,21.5,21,0,0,0
,,,,,,,,,,,,,,,,,,,,,,,,,,,,,,,
110,0107,7/7/26 4:03,4,20.874,20.598,0.277,2.6,4,0.029,0.302,0.273,2.3,0.984,0.8,0.897,75,STABLE,0.11,3.03,1242,205,423,62,518,2.9,0.1,21.5,21,0,0,0
,,,,,,,,,,,,,,,,,,,,,,,,,,,,,,,
111,0107,7/7/26 4:13,5,20.874,20.576,0.299,2.6,4,0.029,0.32,0.291,2.3,0.969,0.8,0.898,75,UNSTABLE,0,3.03,1194,511,1056,528,607,2.8,0.1,21.4,21,0,0,0
,,,,,,,,,,,,,,,,,,,,,,,,,,,,,,,
112,0107,7/7/26 4:24,5,20.874,20.575,0.299,2.7,4,0.029,0.314,0.286,2.4,0.945,0.8,0.898,75,STABLE,0.04,3.07,1238,571,1219,609,559,2.8,0.1,21.4,21,0,0,0
,,,,,,,,,,,,,,,,,,,,,,,,,,,,,,,
113,0107,7/7/26 4:34,4,20.874,20.605,0.269,2.7,4,0.029,0.28,0.252,2.4,0.918,0.7,0.898,75,UNSTABLE,0,3.07,1151,373,742,353,305,2.8,0.1,21.4,21,0,0,0
,,,,,,,,,,,,,,,,,,,,,,,,,,,,,,,
114,0107,7/7/26 4:45,4,20.874,20.586,0.288,2.7,4,0.029,0.298,0.269,2.4,0.919,0.8,0.898,75,UNSTABLE,0.07,3.14,1076,384,795,356,842,2.8,0.1,21.4,21,0,0,0
,,,,,,,,,,,,,,,,,,,,,,,,,,,,,,,
115,0107,7/7/26 4:55,4,20.874,20.586,0.288,2.7,4,0.029,0.287,0.258,2.4,0.873,0.8,0.898,75,UNSTABLE,0,3.14,1373,669,1197,634,521,2.9,0.1,21.4,21,0,0,0
,,,,,,,,,,,,,,,,,,,,,,,,,,,,,,,
116,0107,7/7/26 5:05,4,20.874,20.594,0.28,2.8,4,0.029,0.271,0.243,2.5,0.837,0.8,0.897,75,STABLE,0,3.14,1396,418,919,290,97,2.8,0.1,21.3,21,0,0,0
,,,,,,,,,,,,,,,,,,,,,,,,,,,,,,,
117,0107,7/7/26 5:16,4,20.874,20.593,0.281,2.8,4,0.029,0.265,0.236,2.5,0.807,0.8,0.898,75,STABLE,0,3.14,1321,518,1035,416,261,2.9,0.1,21.3,21,0,0,0
,,,,,,,,,,,,,,,,,,,,,,,,,,,,,,,
118,0107,7/7/26 5:26,4,20.874,20.597,0.277,2.8,4,0.029,0.27,0.241,2.5,0.841,0.7,0.897,75,UNSTABLE,0.06,3.2,1245,282,569,242,643,2.9,0.1,21.3,21,0,0,0
,,,,,,,,,,,,,,,,,,,,,,,,,,,,,,,
119,0107,7/7/26 5:37,4,20.874,20.603,0.271,2.9,4,0.029,0.277,0.247,2.5,0.891,0.7,0.898,75,STABLE,0.03,3.23,1214,258,788,246,398,2.9,0.1,21.3,21,0,0,0
,,,,,,,,,,,,,,,,,,,,,,,,,,,,,,,
120,0107,7/7/26 5:47,4,20.874,20.597,0.277,2.9,4,0.03,0.283,0.254,2.6,0.894,0.8,0.897,75,STABLE,0,3.23,1431,538,1280,454,351,2.9,0.1,21.2,21,0,0,0
,,,,,,,,,,,,,,,,,,,,,,,,,,,,,,,
121,0107,7/7/26 5:58,4,20.874,20.604,0.27,2.9,4,0.03,0.265,0.236,2.6,0.843,0.7,0.897,75,STABLE,0.03,3.26,1088,383,626,222,152,2.9,0,21.2,21,0,0,0
,,,,,,,,,,,,,,,,,,,,,,,,,,,,,,,
122,0107,7/7/26 6:08,4,20.874,20.608,0.266,2.9,4,0.029,0.273,0.243,2.6,0.896,0.7,0.897,75,STABLE,0,3.26,1007,226,694,154,333,2.8,0,21.2,21,0,0,0
,,,,,,,,,,,,,,,,,,,,,,,,,,,,,,,
123,0107,7/7/26 6:18,4,20.874,20.617,0.257,3,3,0.03,0.259,0.229,2.6,0.869,0.7,0.898,75,STABLE,0,3.26,787,125,360,83,137,2.9,0,21.2,21,0,0,0
,,,,,,,,,,,,,,,,,,,,,,,,,,,,,,,
124,0107,7/7/26 6:29,3,20.874,20.664,0.211,3,3,0.03,0.209,0.179,2.6,0.819,0.6,0.898,75,STABLE,0,3.26,24,4,306,65,0,2.8,0,21.1,21,0,0,0
,,,,,,,,,,,,,,,,,,,,,,,,,,,,,,,
125,0107,7/7/26 6:39,5,20.874,20.578,0.297,3,4,0.03,0.281,0.251,2.7,0.815,0.8,0.897,75,UNSTABLE,0.03,3.29,1436,535,1309,476,149,2.9,0,21.3,21,0,0,100
,,,,,,,,,,,,,,,,,,,,,,,,,,,,,,,
126,0107,7/7/26 6:50,4,20.874,20.598,0.276,3,4,0.03,0.264,0.234,2.7,0.816,0.7,0.898,75,UNSTABLE,0,3.29,917,293,723,356,546,2.8,0,21.6,21,0,0,100
,,,,,,,,,,,,,,,,,,,,,,,,,,,,,,,
127,0107,7/7/26 7:00,4,20.874,20.6,0.274,3.1,4,0.03,0.277,0.247,2.7,0.879,0.7,0.897,75,UNSTABLE,0,3.29,768,210,722,192,264,2.9,0,21.3,21,0,0,100
,,,,,,,,,,,,,,,,,,,,,,,,,,,,,,,
128,0107,7/7/26 7:10,3,20.874,20.654,0.22,3.1,3,0.03,0.223,0.194,2.7,0.853,0.6,0.896,75,STABLE,0,3.29,500,24,665,79,358,2.9,0,20.9,21,0,0,100
,,,,,,,,,,,,,,,,,,,,,,,,,,,,,,,
129,0107,7/7/26 7:21,4,20.874,20.647,0.227,3.1,3,0.03,0.228,0.198,2.8,0.842,0.6,0.897,75,STABLE,0,3.29,1281,4,191,31,0,2.9,0,21.2,21,0,0,100
,,,,,,,,,,,,,,,,,,,,,,,,,,,,,,,
130,0107,7/7/26 7:31,4,20.874,20.646,0.228,3.1,3,0.03,0.222,0.192,2.8,0.808,0.6,0.898,75,STABLE,0,3.29,952,4,433,9,0,2.9,0,21.5,21,0,0,100
,,,,,,,,,,,,,,,,,,,,,,,,,,,,,,,
131,0107,7/7/26 7:42,4,20.874,20.624,0.251,3.2,3,0.03,0.241,0.211,2.8,0.808,0.7,0.897,75,UNSTABLE,0.06,3.35,831,83,2302,298,238,2.9,0,21.6,21,0,0,100
,,,,,,,,,,,,,,,,,,,,,,,,,,,,,,,
132,0107,7/7/26 7:52,4,20.874,20.649,0.226,3.2,3,0.03,0.231,0.201,2.8,0.866,0.6,0.896,75,STABLE,0.05,3.4,369,48,2266,188,116,2.9,0,20.9,21,0,0,100
,,,,,,,,,,,,,,,,,,,,,,,,,,,,,,,
133,0107,7/7/26 8:03,3,20.874,20.653,0.221,3.2,3,0.03,0.219,0.189,2.8,0.827,0.6,0.896,75,STABLE,0,3.4,1630,16,1190,32,0,2.9,0,21.1,21,0,0,100
,,,,,,,,,,,,,,,,,,,,,,,,,,,,,,,
134,0107,7/7/26 8:13,3,20.874,20.655,0.219,3.2,3,0.03,0.211,0.181,2.8,0.787,0.6,0.897,75,STABLE,0,3.4,2443,0,995,0,0,2.9,0,21.4,21,0,0,100
,,,,,,,,,,,,,,,,,,,,,,,,,,,,,,,
135,0107,7/7/26 8:23,4,20.874,20.617,0.257,3.2,3,0.031,0.246,0.215,2.9,0.8,0.7,0.897,75,UNSTABLE,0,3.4,629,57,2051,191,332,2.9,0,21.6,21,0,0,100
,,,,,,,,,,,,,,,,,,,,,,,,,,,,,,,
136,0107,7/7/26 8:34,3,20.874,20.676,0.199,3.3,3,0.031,0.205,0.173,2.9,0.844,0.5,0.898,75,STABLE,0.05,3.45,408,53,272,49,34,2.9,0,21.3,21,0,0,100
,,,,,,,,,,,,,,,,,,,,,,,,,,,,,,,
137,0107,7/7/26 8:44,3,20.874,20.655,0.219,3.3,3,0.031,0.223,0.192,2.9,0.849,0.6,0.898,75,STABLE,0.03,3.48,1965,19,364,54,2,2.9,0,20.9,21,0,0,100
,,,,,,,,,,,,,,,,,,,,,,,,,,,,,,,
138,0107,7/7/26 8:55,3,20.874,20.662,0.212,3.3,3,0.03,0.207,0.177,2.9,0.798,0.6,0.897,75,STABLE,0,3.48,1331,17,451,20,0,2.9,0,21.2,21,0,0,100
,,,,,,,,,,,,,,,,,,,,,,,,,,,,,,,
139,0107,7/7/26 9:05,3,20.874,20.66,0.214,3.3,3,0.03,0.207,0.177,2.9,0.79,0.6,0.897,75,STABLE,0,3.48,792,49,1274,22,0,2.9,0,21.4,21,0,0,100
,,,,,,,,,,,,,,,,,,,,,,,,,,,,,,,
140,0107,7/7/26 9:15,4,20.874,20.644,0.23,3.3,3,0.03,0.217,0.187,2.9,0.772,0.6,0.897,75,STABLE,0,3.48,258,0,5,0,0,2.9,0,21.6,21,0,0,100
,,,,,,,,,,,,,,,,,,,,,,,,,,,,,,,
141,EVENT,7/7/26 9:26,4,20.874,20.634,0.24,3.4,3,0.03,0.227,0.197,3,0.784,0.6,0.897,75,STABLE,0,3.48,208,30,1747,170,0,2.9,0,21.6,21,0,0,100
,,,,,,,,,,,,,,,,,,,,,,,,,,,,,,,
142,0107,7/7/26 9:36,4,20.874,20.62,0.254,3.4,3,0.03,0.242,0.212,3,0.8,0.7,0.896,75,UNSTABLE,0.03,3.52,913,180,1042,134,128,2.9,0,21,21,0,0,100
,,,,,,,,,,,,,,,,,,,,,,,,,,,,,,,
143,0107,7/7/26 9:47,4,20.874,20.635,0.239,3.4,3,0.03,0.236,0.206,3,0.829,0.6,0.896,75,STABLE,0.07,3.58,596,165,1051,142,646,2.9,0,21,21,0,0,100
,,,,,,,,,,,,,,,,,,,,,,,,,,,,,,,
144,0107,7/7/26 9:57,3,20.874,20.66,0.214,3.4,3,0.03,0.218,0.188,3,0.853,0.6,0.897,75,STABLE,0,3.58,198,4,850,56,0,2.9,0,21.2,21,0,0,100
,,,,,,,,,,,,,,,,,,,,,,,,,,,,,,,
145,0107,7/7/26 10:08,3,20.874,20.67,0.204,3.5,3,0.029,0.203,0.174,3,0.821,0.5,0.897,75,STABLE,0,3.58,390,1,857,18,0,2.9,0,21.4,21,0,0,100
,,,,,,,,,,,,,,,,,,,,,,,,,,,,,,,
146,0107,7/7/26 10:18,3,20.874,20.697,0.177,3.5,2,0.029,0.174,0.145,3.1,0.782,0.5,0.897,75,STABLE,0,3.58,48,3,855,43,0,2.9,0,21.6,21,0,0,100
,,,,,,,,,,,,,,,,,,,,,,,,,,,,,,,
147,0107,7/7/26 10:28,4,20.874,20.624,0.25,3.5,3,0.029,0.244,0.215,3.1,0.829,0.7,0.897,75,UNSTABLE,0,3.58,605,28,2568,76,332,2.9,0,21.6,21,0,0,100
,,,,,,,,,,,,,,,,,,,,,,,,,,,,,,,
148,0107,7/7/26 10:39,4,20.874,20.635,0.239,3.5,3,0.029,0.243,0.215,3.1,0.875,0.6,0.896,75,STABLE,0.11,3.69,1210,121,1512,143,46,2.9,0,21.1,21,0,0,100
,,,,,,,,,,,,,,,,,,,,,,,,,,,,,,,
149,0107,7/7/26 10:49,4,20.874,20.643,0.231,3.5,3,0.029,0.234,0.206,3.1,0.865,0.6,0.898,75,STABLE,0,3.69,462,20,762,89,0,2.9,0,20.9,21,0,0,100
,,,,,,,,,,,,,,,,,,,,,,,,,,,,,,,
150,0107,7/7/26 11:00,3,20.874,20.655,0.219,3.6,3,0.029,0.217,0.188,3.1,0.829,0.6,0.898,75,STABLE,0,3.69,877,17,384,10,0,2.9,0,21.1,21,0,0,100
,,,,,,,,,,,,,,,,,,,,,,,,,,,,,,,
151,0107,7/7/26 11:10,3,20.874,20.668,0.206,3.6,3,0.029,0.201,0.173,3.1,0.805,0.6,0.897,75,STABLE,0,3.69,476,5,344,8,0,2.8,0,21.3,21,0,0,100
,,,,,,,,,,,,,,,,,,,,,,,,,,,,,,,
152,0107,7/7/26 11:20,3,20.874,20.671,0.203,3.6,3,0.029,0.198,0.17,3.2,0.8,0.5,0.897,75,STABLE,0,3.69,1108,18,323,17,0,2.9,0,21.5,21,0,0,100
,,,,,,,,,,,,,,,,,,,,,,,,,,,,,,,
153,0107,7/7/26 11:31,3,20.874,20.669,0.205,3.6,3,0.028,0.197,0.169,3.2,0.79,0.6,0.897,75,STABLE,0,3.69,830,5,531,3,0,2.8,0,21.6,21,0,0,100
,,,,,,,,,,,,,,,,,,,,,,,,,,,,,,,
154,0107,7/7/26 11:41,3,20.874,20.666,0.208,3.6,3,0.028,0.2,0.171,3.2,0.786,0.6,0.896,75,STABLE,0.06,3.75,1123,29,381,26,1,2.9,0,21.4,21,0,0,100
,,,,,,,,,,,,,,,,,,,,,,,,,,,,,,,
155,0107,7/7/26 11:52,4,20.874,20.622,0.252,3.7,3,0.028,0.241,0.212,3.2,0.81,0.7,0.896,75,STABLE,0,3.75,1755,28,1397,59,275,2.9,0,20.9,21,0,0,100
,,,,,,,,,,,,,,,,,,,,,,,,,,,,,,,
156,0107,7/7/26 12:02,4,20.874,20.596,0.278,3.7,4,0.028,0.277,0.249,3.2,0.873,0.8,0.897,75,UNSTABLE,0.1,3.84,889,252,1256,300,440,2.9,0,21,21,0,0,100
,,,,,,,,,,,,,,,,,,,,,,,,,,,,,,,
157,0107,7/7/26 12:13,4,20.874,20.588,0.286,3.7,4,0.028,0.294,0.266,3.3,0.914,0.8,0.898,75,UNSTABLE,0,3.84,1093,452,1075,480,239,2.9,0,21.2,21,0,0,100
,,,,,,,,,,,,,,,,,,,,,,,,,,,,,,,
158,0107,7/7/26 12:23,4,20.874,20.602,0.272,3.8,4,0.028,0.275,0.246,3.3,0.882,0.7,0.897,75,UNSTABLE,0,3.84,1458,530,1276,511,204,2.9,0,21.4,21,0,0,100
,,,,,,,,,,,,,,,,,,,,,,,,,,,,,,,
159,0107,7/7/26 12:33,4,20.874,20.619,0.255,3.8,3,0.028,0.255,0.227,3.3,0.864,0.7,0.897,75,STABLE,0,3.84,1369,457,939,385,77,2.9,0,21.5,21,0,0,100
,,,,,,,,,,,,,,,,,,,,,,,,,,,,,,,
160,0107,7/7/26 12:44,4,20.874,20.619,0.255,3.8,3,0.028,0.254,0.226,3.3,0.86,0.7,0.898,75,STABLE,0,3.84,1601,647,1362,680,160,2.8,0,21.7,21,0,0,100
,,,,,,,,,,,,,,,,,,,,,,,,,,,,,,,
161,0107,7/7/26 12:54,4,20.874,20.62,0.254,3.8,3,0.028,0.246,0.218,3.3,0.826,0.7,0.897,75,STABLE,0,3.84,664,155,1223,336,4,2.9,0,21.2,21,0,0,100
,,,,,,,,,,,,,,,,,,,,,,,,,,,,,,,
162,0107,7/7/26 13:05,3,20.874,20.66,0.214,3.8,3,0.028,0.203,0.175,3.4,0.777,0.6,0.896,75,STABLE,0,3.84,714,72,78,18,0,2.9,0,20.9,21,0,0,100
,,,,,,,,,,,,,,,,,,,,,,,,,,,,,,,
163,0107,7/7/26 13:15,3,20.874,20.674,0.201,3.9,2,0.028,0.192,0.164,3.4,0.778,0.5,0.897,75,STABLE,0,3.84,127,7,21,1,0,2.9,0,21,21,0,0,100
,,,,,,,,,,,,,,,,,,,,,,,,,,,,,,,
164,0107,7/7/26 13:25,3,20.874,20.668,0.206,3.9,3,0.028,0.195,0.167,3.4,0.771,0.6,0.898,75,STABLE,0,3.84,95,10,559,33,0,2.9,0,21.2,21,0,0,100
,,,,,,,,,,,,,,,,,,,,,,,,,,,,,,,
165,0107,7/7/26 13:36,3,20.874,20.671,0.203,3.9,2,0.028,0.192,0.164,3.4,0.767,0.5,0.897,75,STABLE,0.05,3.89,572,18,715,35,1,2.9,0,21.4,21,0,0,100
,,,,,,,,,,,,,,,,,,,,,,,,,,,,,,,
166,0107,7/7/26 13:46,3,20.874,20.679,0.195,3.9,2,0.028,0.185,0.157,3.4,0.766,0.5,0.896,75,STABLE,0,3.89,182,15,116,21,0,2.9,0,21.5,21,0,0,100
,,,,,,,,,,,,,,,,,,,,,,,,,,,,,,,
167,0107,7/7/26 13:57,3,20.874,20.671,0.203,3.9,2,0.028,0.192,0.164,3.4,0.767,0.5,0.897,75,STABLE,0,3.89,2484,28,69,1,0,2.8,0,21.7,21,0,0,100
,,,,,,,,,,,,,,,,,,,,,,,,,,,,,,,
168,0107,7/7/26 14:07,3,20.874,20.667,0.207,4,3,0.028,0.195,0.167,3.5,0.768,0.6,0.897,75,STABLE,0,3.89,417,24,51,7,0,2.9,0,21.2,21,0,0,100
,,,,,,,,,,,,,,,,,,,,,,,,,,,,,,,
169,0107,7/7/26 14:18,3,20.874,20.672,0.202,4,3,0.028,0.193,0.166,3.5,0.784,0.5,0.898,75,STABLE,0,3.89,2119,55,205,3,13,2.9,0,20.9,21,0,0,100
,,,,,,,,,,,,,,,,,,,,,,,,,,,,,,,
170,0107,7/7/26 14:28,3,20.874,20.675,0.2,4,2,0.027,0.191,0.164,3.5,0.784,0.5,0.898,75,STABLE,0.04,3.93,4909,193,50,21,5,2.8,0,21,21,0,0,100
,,,,,,,,,,,,,,,,,,,,,,,,,,,,,,,
171,0107,7/7/26 14:38,3,20.874,20.675,0.199,4,2,0.028,0.189,0.162,3.5,0.775,0.5,0.899,75,STABLE,0,3.93,2513,95,285,27,0,2.8,0,21.2,21,0,0,100
,,,,,,,,,,,,,,,,,,,,,,,,,,,,,,,
172,0107,7/7/26 14:49,3,20.874,20.678,0.196,4,2,0.028,0.187,0.159,3.5,0.772,0.5,0.897,75,STABLE,0,3.93,712,5,486,2,5,2.8,0,21.4,21,0,0,100
,,,,,,,,,,,,,,,,,,,,,,,,,,,,,,,
173,0107,7/7/26 14:59,3,20.874,20.655,0.219,4.1,3,0.028,0.209,0.182,3.5,0.795,0.6,0.898,75,UNSTABLE,0,3.93,1117,42,496,46,49,2.8,0,21.6,21,0,0,100
,,,,,,,,,,,,,,,,,,,,,,,,,,,,,,,
174,0107,7/7/26 15:10,4,20.874,20.617,0.257,4.1,3,0.028,0.243,0.216,3.6,0.803,0.7,0.897,75,UNSTABLE,0.04,3.97,705,210,634,146,317,2.8,0,21.6,21,0,0,100
,,,,,,,,,,,,,,,,,,,,,,,,,,,,,,,
175,0107,7/7/26 15:20,4,20.874,20.604,0.27,4.1,4,0.028,0.269,0.241,3.6,0.868,0.7,0.898,75,STABLE,0.06,4.03,795,238,846,193,84,2.9,0,21,21,0,0,100
,,,,,,,,,,,,,,,,,,,,,,,,,,,,,,,
176,0107,7/7/26 15:30,3,20.874,20.682,0.193,4.1,3,0.028,0.196,0.168,3.6,0.844,0.5,0.897,75,STABLE,0,4.03,793,69,755,40,0,2.8,0,21,21,0,0,100
,,,,,,,,,,,,,,,,,,,,,,,,,,,,,,,
177,0107,7/7/26 15:41,3,20.874,20.706,0.168,4.2,2,0.028,0.173,0.146,3.6,0.835,0.5,0.898,75,STABLE,0,4.03,1534,29,346,3,0,2.8,0,21.2,21,0,0,100
,,,,,,,,,,,,,,,,,,,,,,,,,,,,,,,
178,0107,7/7/26 15:51,4,20.874,20.625,0.249,4.2,3,0.028,0.248,0.22,3.6,0.857,0.7,0.899,75,STABLE,0,4.03,1026,230,504,91,41,2.9,0,21.4,21,0,0,100
,,,,,,,,,,,,,,,,,,,,,,,,,,,,,,,
179,0107,7/7/26 16:02,3,20.874,20.677,0.197,4.2,3,0.028,0.193,0.165,3.6,0.806,0.5,0.898,75,STABLE,0,4.03,946,40,203,6,0,2.9,0,21.6,21,0,0,100
,,,,,,,,,,,,,,,,,,,,,,,,,,,,,,,
180,0107,7/7/26 16:12,3,20.874,20.689,0.185,4.2,2,0.028,0.181,0.153,3.7,0.792,0.5,0.898,75,STABLE,0,4.03,2742,5,125,1,0,2.9,0,21.5,21,0,0,100
,,,,,,,,,,,,,,,,,,,,,,,,,,,,,,,
181,0107,7/7/26 16:23,3,20.874,20.662,0.212,4.2,3,0.027,0.204,0.176,3.7,0.796,0.6,0.897,75,STABLE,0,4.03,7767,515,31,1,0,2.9,0,20.9,21,0,0,100
,,,,,,,,,,,,,,,,,,,,,,,,,,,,,,,
182,0107,7/7/26 16:33,3,20.874,20.697,0.177,4.3,2,0.028,0.171,0.144,3.7,0.772,0.5,0.896,75,STABLE,0,4.03,3123,690,2,0,0,2.9,0,21,21,0,0,100
,,,,,,,,,,,,,,,,,,,,,,,,,,,,,,,
183,0107,7/7/26 16:43,3,20.874,20.681,0.193,4.3,2,0.027,0.19,0.163,3.7,0.806,0.5,0.898,75,STABLE,0,4.03,4879,378,2,0,0,2.9,0,21.2,21,0,0,100
,,,,,,,,,,,,,,,,,,,,,,,,,,,,,,,
184,0107,7/7/26 16:54,3,20.874,20.678,0.196,4.3,2,0.027,0.19,0.163,3.7,0.796,0.5,0.899,75,STABLE,0,4.03,2325,127,528,1,0,2.9,0,21.5,21,0,0,100
,,,,,,,,,,,,,,,,,,,,,,,,,,,,,,,
185,0107,7/7/26 17:04,4,20.874,20.63,0.245,4.3,3,0.027,0.236,0.209,3.7,0.823,0.7,0.898,75,UNSTABLE,0,4.03,1382,112,283,23,52,2.9,0,21.6,21,0,0,100
,,,,,,,,,,,,,,,,,,,,,,,,,,,,,,,
186,0107,7/7/26 17:15,4,20.874,20.605,0.269,4.3,4,0.027,0.261,0.234,3.8,0.843,0.7,0.898,75,STABLE,0.04,4.07,921,131,450,105,259,2.9,0,21.2,21,0,0,100
,,,,,,,,,,,,,,,,,,,,,,,,,,,,,,,
187,0107,7/7/26 17:25,4,20.874,20.615,0.26,4.4,3,0.027,0.256,0.229,3.8,0.854,0.7,0.897,75,UNSTABLE,0,4.07,1475,211,487,105,153,2.9,0,20.9,21,0,0,100
,,,,,,,,,,,,,,,,,,,,,,,,,,,,,,,
188,0107,7/7/26 17:35,4,20.874,20.614,0.26,4.4,4,0.027,0.263,0.236,3.8,0.885,0.7,0.898,75,STABLE,0,4.07,1046,140,543,84,106,2.9,0,21.1,21,0,0,100
,,,,,,,,,,,,,,,,,,,,,,,,,,,,,,,
189,0107,7/7/26 17:46,3,20.874,20.678,0.196,4.4,3,0.027,0.199,0.172,3.8,0.848,0.5,0.899,75,STABLE,0,4.07,377,13,507,27,0,2.9,0,21.3,21,0,0,100
,,,,,,,,,,,,,,,,,,,,,,,,,,,,,,,
190,0107,7/7/26 17:56,3,20.874,20.667,0.207,4.4,3,0.027,0.205,0.178,3.8,0.828,0.6,0.898,75,STABLE,0,4.07,83,7,49,19,0,2.9,0,21.5,21,0,0,100
,,,,,,,,,,,,,,,,,,,,,,,,,,,,,,,
191,0107,7/7/26 18:07,3,20.874,20.654,0.22,4.5,3,0.027,0.21,0.184,3.8,0.8,0.6,0.898,75,STABLE,0,4.07,442,16,933,5,0,2.9,0,21.7,21,0,0,100
,,,,,,,,,,,,,,,,,,,,,,,,,,,,,,,
192,0107,7/7/26 18:17,3,20.874,20.672,0.202,4.5,3,0.027,0.195,0.168,3.9,0.797,0.5,0.897,75,STABLE,0,4.07,442,24,775,17,0,2.9,0,21.1,21,0,0,100
,,,,,,,,,,,,,,,,,,,,,,,,,,,,,,,
193,0107,7/7/26 18:28,3,20.874,20.678,0.196,4.5,2,0.027,0.188,0.162,3.9,0.789,0.5,0.897,75,STABLE,0,4.07,270,29,115,18,2,2.9,0,20.9,21,0,0,100
,,,,,,,,,,,,,,,,,,,,,,,,,,,,,,,
194,0107,7/7/26 18:38,3,20.874,20.669,0.206,4.5,3,0.027,0.2,0.173,3.9,0.81,0.6,0.896,75,STABLE,0.11,4.17,517,73,223,11,0,2.9,0,20.9,21,0,0,0
,,,,,,,,,,,,,,,,,,,,,,,,,,,,,,,
195,0107,7/7/26 18:48,4,20.874,20.613,0.261,4.5,3,0.027,0.247,0.22,3.9,0.809,0.7,0.898,75,UNSTABLE,0,4.17,942,121,494,70,216,2.9,0,20.9,21,0,0,0
,,,,,,,,,,,,,,,,,,,,,,,,,,,,,,,
196,0107,7/7/26 18:59,4,20.874,20.602,0.272,4.6,4,0.026,0.272,0.246,3.9,0.882,0.7,0.897,75,STABLE,0.06,4.24,1221,458,997,432,418,2.9,0,21.2,21,0,0,0
,,,,,,,,,,,,,,,,,,,,,,,,,,,,,,,
197,0107,7/7/26 19:09,4,20.874,20.611,0.263,4.6,4,0.027,0.27,0.243,4,0.904,0.7,0.897,75,STABLE,0.09,4.33,1033,267,1300,376,23,2.9,0,21.6,21,0,0,0
,,,,,,,,,,,,,,,,,,,,,,,,,,,,,,,
198,0107,7/7/26 19:20,3,20.874,20.651,0.223,4.6,3,0.026,0.226,0.199,4,0.87,0.6,0.899,75,STABLE,0,4.33,489,59,1277,229,0,2.9,0,21.7,21,0,0,0
,,,,,,,,,,,,,,,,,,,,,,,,,,,,,,,
199,0107,7/7/26 19:30,3,20.874,20.66,0.214,4.6,3,0.026,0.212,0.186,4,0.841,0.6,0.899,75,STABLE,0,4.33,1852,49,382,8,0,2.9,0,21.6,21,0,0,0
,,,,,,,,,,,,,,,,,,,,,,,,,,,,,,,
200,0107,7/7/26 19:40,3,20.874,20.658,0.216,4.6,3,0.026,0.211,0.185,4,0.824,0.6,0.899,75,STABLE,0,4.33,3979,100,933,64,5,2.9,0,21.5,21,0,0,0
,,,,,,,,,,,,,,,,,,,,,,,,,,,,,,,
201,0107,7/7/26 19:51,4,20.874,20.63,0.244,4.7,3,0.026,0.236,0.21,4,0.827,0.7,0.899,75,UNSTABLE,0,4.33,2891,81,722,53,331,2.9,0,21.4,21,0,0,0
,,,,,,,,,,,,,,,,,,,,,,,,,,,,,,,
202,0107,7/7/26 20:01,4,20.874,20.62,0.254,4.7,4,0.026,0.264,0.238,4.1,0.922,0.7,0.898,75,STABLE,0.05,4.38,823,134,561,105,507,2.9,0,21.3,21,0,0,0
,,,,,,,,,,,,,,,,,,,,,,,,,,,,,,,
203,0107,7/7/26 20:12,4,20.874,20.625,0.249,4.7,3,0.026,0.246,0.22,4.1,0.856,0.7,0.899,75,STABLE,0,4.38,576,21,169,12,3,2.9,0,21.2,21,0,0,0
,,,,,,,,,,,,,,,,,,,,,,,,,,,,,,,
204,0107,7/7/26 20:22,4,20.874,20.605,0.269,4.7,4,0.026,0.265,0.239,4.1,0.862,0.7,0.901,75,UNSTABLE,0,4.38,566,87,752,50,1021,2.9,0,21.1,21,0,0,0
,,,,,,,,,,,,,,,,,,,,,,,,,,,,,,,
205,0107,7/7/26 20:33,4,20.874,20.586,0.288,4.8,4,0.026,0.289,0.263,4.1,0.891,0.8,0.899,75,STABLE,0.08,4.46,1459,626,1254,537,366,2.9,0,21,21,0,0,0
,,,,,,,,,,,,,,,,,,,,,,,,,,,,,,,
206,0107,7/7/26 20:43,4,20.874,20.606,0.268,4.8,4,0.026,0.279,0.253,4.1,0.929,0.7,0.898,75,STABLE,0,4.46,1158,252,999,207,388,2.9,0,20.9,21,0,0,0
,,,,,,,,,,,,,,,,,,,,,,,,,,,,,,,
207,0107,7/7/26 20:53,4,20.874,20.605,0.269,4.8,4,0.026,0.276,0.25,4.2,0.915,0.7,0.899,75,STABLE,0,4.46,1644,182,664,74,0,2.9,0,20.9,21,0,0,0
,,,,,,,,,,,,,,,,,,,,,,,,,,,,,,,
208,0107,7/7/26 21:04,4,20.874,20.611,0.263,4.8,4,0.026,0.259,0.234,4.2,0.862,0.7,0.898,75,UNSTABLE,0.03,4.49,2468,444,391,65,268,2.9,0,21.2,21,0,0,0
,,,,,,,,,,,,,,,,,,,,,,,,,,,,,,,
209,0107,7/7/26 21:14,4,20.874,20.587,0.287,4.9,4,0.026,0.296,0.271,4.2,0.928,0.8,0.898,75,STABLE,0.07,4.56,1275,372,647,274,1049,2.9,0,21.7,21,0,0,0
,,,,,,,,,,,,,,,,,,,,,,,,,,,,,,,
210,0107,7/7/26 21:25,4,20.874,20.601,0.273,4.9,4,0.026,0.282,0.257,4.2,0.924,0.7,0.898,75,STABLE,0.13,4.69,1226,359,847,420,650,2.9,0,21.6,21,0,0,0
,,,,,,,,,,,,,,,,,,,,,,,,,,,,,,,
211,0107,7/7/26 21:35,4,20.874,20.599,0.275,4.9,4,0.025,0.285,0.26,4.3,0.931,0.7,0.899,75,STABLE,0,4.69,1268,440,1026,437,397,2.9,0,21.5,21,0,0,0
,,,,,,,,,,,,,,,,,,,,,,,,,,,,,,,
212,0107,7/7/26 21:45,4,20.874,20.585,0.29,5,4,0.026,0.304,0.278,4.3,0.951,0.8,0.898,75,STABLE,0,4.69,1007,106,554,133,0,2.9,0,21.4,21,0,0,0
,,,,,,,,,,,,,,,,,,,,,,,,,,,,,,,
213,0107,7/7/26 21:56,4,20.874,20.602,0.272,5,4,0.026,0.27,0.244,4.3,0.873,0.7,0.898,75,STABLE,0,4.69,336,17,1465,24,0,2.9,0,21.3,21,0,0,0
,,,,,,,,,,,,,,,,,,,,,,,,,,,,,,,
214,0107,7/7/26 22:06,4,20.874,20.593,0.281,5,4,0.026,0.285,0.259,4.3,0.905,0.8,0.898,75,UNSTABLE,0.04,4.73,1216,371,835,337,683,2.9,0,21.2,21,0,0,0
,,,,,,,,,,,,,,,,,,,,,,,,,,,,,,,
215,0107,7/7/26 22:17,4,20.874,20.604,0.27,5,4,0.026,0.286,0.26,4.4,0.954,0.7,0.899,75,STABLE,0.08,4.81,1166,270,738,328,832,2.9,0,21.1,21,0,0,0
,,,,,,,,,,,,,,,,,,,,,,,,,,,,,,,
216,0107,7/7/26 22:27,4,20.874,20.603,0.271,5.1,4,0.026,0.287,0.262,4.4,0.955,0.7,0.897,75,UNSTABLE,0,4.81,1327,414,860,266,209,2.9,0,21,21,0,0,0
,,,,,,,,,,,,,,,,,,,,,,,,,,,,,,,
217,0107,7/7/26 22:38,4,20.874,20.613,0.262,5.1,4,0.026,0.278,0.253,4.4,0.956,0.7,0.897,75,STABLE,0,4.81,1782,107,447,16,291,2.9,0,20.9,21,0,0,0
,,,,,,,,,,,,,,,,,,,,,,,,,,,,,,,
218,0107,7/7/26 22:48,4,20.874,20.61,0.264,5.1,4,0.026,0.264,0.238,4.4,0.879,0.7,0.898,75,STABLE,0.03,4.85,3227,61,199,0,0,2.9,0,20.9,21,0,0,0
,,,,,,,,,,,,,,,,,,,,,,,,,,,,,,,
219,0107,7/7/26 22:58,4,20.874,20.592,0.282,5.1,4,0.026,0.289,0.263,4.5,0.914,0.8,0.898,75,STABLE,0.15,4.99,1146,196,160,7,1495,2.9,0,21.1,21,0,0,0
,,,,,,,,,,,,,,,,,,,,,,,,,,,,,,,
220,0107,7/7/26 23:09,4,20.874,20.584,0.29,5.2,4,0.026,0.309,0.283,4.5,0.969,0.8,0.899,75,STABLE,0.09,5.08,1205,429,929,432,1024,2.9,0,21.5,21,0,0,0
,,,,,,,,,,,,,,,,,,,,,,,,,,,,,,,
221,0107,7/7/26 23:19,4,20.874,20.589,0.286,5.2,4,0.026,0.306,0.28,4.5,0.974,0.8,0.898,75,UNSTABLE,0,5.08,1471,580,1280,709,454,2.9,0,21.7,21,0,0,0
,,,,,,,,,,,,,,,,,,,,,,,,,,,,,,,
222,0107,7/7/26 23:30,4,20.874,20.587,0.287,5.2,4,0.026,0.309,0.283,4.5,0.982,0.8,0.898,75,STABLE,0.08,5.16,1768,311,426,13,246,2.9,0,21.6,21,0,0,0
,,,,,,,,,,,,,,,,,,,,,,,,,,,,,,,
223,0107,7/7/26 23:40,4,20.874,20.591,0.283,5.2,4,0.026,0.3,0.274,4.6,0.958,0.8,0.899,75,STABLE,0,5.16,1883,75,94,3,0,2.9,0,21.5,21,0,0,0
,,,,,,,,,,,,,,,,,,,,,,,,,,,,,,,
224,0107,7/7/26 23:50,4,20.874,20.605,0.269,5.3,4,0.026,0.282,0.256,4.6,0.938,0.7,0.898,75,STABLE,0,5.16,1793,150,312,15,1,2.9,0,21.4,21,0,0,0
,,,,,,,,,,,,,,,,,,,,,,,,,,,,,,,
225,0107,7/8/26 0:01,4,20.874,20.605,0.27,5.3,4,0.026,0.281,0.255,4.6,0.931,0.7,0.898,75,UNSTABLE,0,5.16,1466,227,655,148,613,2.9,0,21.4,21,0,0,0
,,,,,,,,,,,,,,,,,,,,,,,,,,,,,,,
226,0107,7/8/26 0:11,4,20.874,20.598,0.276,5.3,4,0.026,0.298,0.272,4.6,0.981,0.8,0.899,75,STABLE,0.06,5.21,1077,280,1066,347,495,2.9,0,21.3,21,0,0,0
,,,,,,,,,,,,,,,,,,,,,,,,,,,,,,,
227,0107,7/8/26 0:22,4,20.874,20.601,0.274,5.3,4,0.026,0.289,0.263,4.7,0.952,0.7,0.899,75,STABLE,0,5.21,815,120,1736,84,0,2.9,0,21.3,21,0,0,0
,,,,,,,,,,,,,,,,,,,,,,,,,,,,,,,
228,0107,7/8/26 0:32,4,20.874,20.601,0.273,5.4,4,0.026,0.283,0.257,4.7,0.927,0.7,0.898,75,STABLE,0,5.21,560,48,835,120,0,2.9,0,21.2,21,0,0,0
,,,,,,,,,,,,,,,,,,,,,,,,,,,,,,,
229,0107,7/8/26 0:43,4,20.874,20.614,0.26,5.4,4,0.026,0.267,0.241,4.7,0.908,0.7,0.899,75,STABLE,0.07,5.28,727,47,1488,157,0,2.9,0,21.1,21,0,0,0
,,,,,,,,,,,,,,,,,,,,,,,,,,,,,,,
230,0107,7/8/26 0:53,4,20.874,20.588,0.286,5.4,4,0.026,0.292,0.266,4.7,0.913,0.8,0.898,75,UNSTABLE,0,5.28,826,230,1955,356,333,2.9,0,21.1,21,0,0,0
,,,,,,,,,,,,,,,,,,,,,,,,,,,,,,,
231,0107,7/8/26 1:03,5,20.874,20.571,0.303,5.5,4,0.026,0.316,0.29,4.8,0.946,0.8,0.898,75,UNSTABLE,0.15,5.43,1298,348,2064,497,1055,2.9,0,21,21,0,0,0
,,,,,,,,,,,,,,,,,,,,,,,,,,,,,,,
232,0107,7/8/26 1:14,4,20.874,20.588,0.286,5.5,4,0.026,0.303,0.277,4.8,0.961,0.8,0.899,75,STABLE,0.54,5.96,911,388,1242,617,547,2.9,0,20.9,21,0,0,0
,,,,,,,,,,,,,,,,,,,,,,,,,,,,,,,
233,0107,7/8/26 1:24,4,20.874,20.589,0.285,5.5,4,0.026,0.312,0.286,4.8,1.001,0.8,0.898,75,STABLE,0,5.96,923,343,668,278,52,2.9,0,20.9,21,0,0,0
,,,,,,,,,,,,,,,,,,,,,,,,,,,,,,,
234,0107,7/8/26 1:35,4,20.874,20.589,0.285,5.5,4,0.026,0.313,0.286,4.8,1.007,0.8,0.898,75,STABLE,0.05,6.01,879,445,1143,514,218,2.9,0,20.9,21,0,0,0
,,,,,,,,,,,,,,,,,,,,,,,,,,,,,,,
235,0107,7/8/26 1:45,4,20.874,20.587,0.287,5.6,4,0.027,0.315,0.289,4.9,1.007,0.8,0.898,75,STABLE,0,6.01,980,393,820,381,133,2.9,0,21.1,21,0,0,0
,,,,,,,,,,,,,,,,,,,,,,,,,,,,,,,
236,0107,7/8/26 1:55,4,20.874,20.606,0.268,5.6,4,0.027,0.289,0.262,4.9,0.975,0.7,0.897,75,STABLE,0,6.01,1967,322,277,14,0,2.9,0,21.3,21,0,0,0
,,,,,,,,,,,,,,,,,,,,,,,,,,,,,,,
237,0107,7/8/26 2:06,4,20.874,20.584,0.291,5.6,4,0.026,0.313,0.287,4.9,0.982,0.8,0.898,75,UNSTABLE,0,6.01,1465,191,484,127,21,2.9,0,21.5,21,0,0,0
,,,,,,,,,,,,,,,,,,,,,,,,,,,,,,,
238,0107,7/8/26 2:16,4,20.874,20.601,0.273,5.6,4,0.027,0.3,0.274,4.9,1.001,0.7,0.898,75,STABLE,0,6.01,923,280,826,272,36,2.9,0,21.6,21,0,0,0
,,,,,,,,,,,,,,,,,,,,,,,,,,,,,,,
239,0107,7/8/26 2:27,5,20.874,20.576,0.298,5.7,5,0.027,0.324,0.298,5,1.001,0.8,0.898,75,STABLE,0,6.01,1666,564,928,309,56,2.9,0,21.7,21,0,0,0
,,,,,,,,,,,,,,,,,,,,,,,,,,,,,,,
240,0107,7/8/26 2:37,4,20.874,20.588,0.286,5.7,4,0.026,0.31,0.283,5,0.989,0.8,0.898,75,UNSTABLE,0,6.01,1218,524,1504,715,179,2.9,0,21.6,21,0,0,0
,,,,,,,,,,,,,,,,,,,,,,,,,,,,,,,
241,0107,7/8/26 2:48,5,20.874,20.576,0.299,5.7,4,0.027,0.316,0.29,5,0.962,0.8,0.9,75,STABLE,0,6.01,1292,445,987,291,243,2.9,0,21.6,21,0,0,0
,,,,,,,,,,,,,,,,,,,,,,,,,,,,,,,
242,0107,7/8/26 2:58,4,20.874,20.589,0.285,5.7,4,0.027,0.303,0.276,5,0.959,0.8,0.899,75,UNSTABLE,0,6.01,1398,291,947,152,8,2.9,0,21.6,21,0,0,0
,,,,,,,,,,,,,,,,,,,,,,,,,,,,,,,
243,0107,7/8/26 3:08,5,20.874,20.572,0.302,5.8,4,0.027,0.314,0.287,5.1,0.937,0.8,0.899,75,STABLE,0,6.01,1185,414,885,345,231,2.9,0,21.6,21,0,0,0
,,,,,,,,,,,,,,,,,,,,,,,,,,,,,,,
244,0107,7/8/26 3:19,5,20.874,20.578,0.296,5.8,4,0.027,0.303,0.276,5.1,0.914,0.8,0.899,75,STABLE,0,6.01,1661,692,1407,669,332,2.9,0,21.5,21,0,0,0
,,,,,,,,,,,,,,,,,,,,,,,,,,,,,,,
245,0107,7/8/26 3:29,5,20.874,20.578,0.296,5.8,4,0.027,0.296,0.269,5.1,0.886,0.8,0.899,75,UNSTABLE,0,6.01,1181,444,969,480,68,2.9,0,21.5,21,0,0,0
,,,,,,,,,,,,,,,,,,,,,,,,,,,,,,,
246,0107,7/8/26 3:40,5,20.874,20.572,0.302,5.9,4,0.027,0.304,0.276,5.2,0.894,0.8,0.899,75,STABLE,0,6.01,1037,342,760,267,153,2.9,0,21.4,21,0,0,0
,,,,,,,,,,,,,,,,,,,,,,,,,,,,,,,
247,0107,7/8/26 3:50,5,20.874,20.575,0.3,5.9,4,0.027,0.295,0.268,5.2,0.871,0.8,0.899,75,UNSTABLE,0,6.01,1168,428,868,395,470,2.9,0,21.4,21,0,0,0
,,,,,,,,,,,,,,,,,,,,,,,,,,,,,,,
248,0107,7/8/26 4:00,5,20.874,20.58,0.294,5.9,4,0.027,0.298,0.271,5.2,0.901,0.8,0.899,75,STABLE,0,6.01,948,335,1073,266,635,2.9,0,21.3,21,0,0,0
,,,,,,,,,,,,,,,,,,,,,,,,,,,,,,,
249,0107,7/8/26 4:11,5,20.874,20.576,0.298,5.9,4,0.027,0.309,0.282,5.2,0.933,0.8,0.899,75,UNSTABLE,0.03,6.05,880,270,854,248,457,2.9,0,21.2,21,0,0,0
,,,,,,,,,,,,,,,,,,,,,,,,,,,,,,,
250,0107,7/8/26 4:21,5,20.874,20.578,0.297,6,4,0.027,0.312,0.284,5.3,0.948,0.8,0.898,75,STABLE,0.12,6.16,1052,286,514,202,604,2.9,0,21.2,21,0,0,0
,,,,,,,,,,,,,,,,,,,,,,,,,,,,,,,
251,0107,7/8/26 4:32,4,20.874,20.584,0.29,6,4,0.027,0.308,0.281,5.3,0.961,0.8,0.899,75,STABLE,0.07,6.23,1093,291,929,294,697,2.9,0,21.1,21,0,0,0
,,,,,,,,,,,,,,,,,,,,,,,,,,,,,,,
252,0107,7/8/26 4:42,4,20.874,20.59,0.284,6,4,0.028,0.304,0.277,5.3,0.966,0.8,0.898,75,UNSTABLE,0.04,6.27,1238,537,1126,549,616,2.9,0,21,21,0,0,0
,,,,,,,,,,,,,,,,,,,,,,,,,,,,,,,
253,0107,7/8/26 4:53,4,20.874,20.586,0.288,6.1,4,0.027,0.307,0.279,5.3,0.962,0.8,0.898,75,STABLE,0.08,6.36,1001,284,539,232,736,2.9,0,21,21,0,0,0
,,,,,,,,,,,,,,,,,,,,,,,,,,,,,,,
254,0107,7/8/26 5:03,4,20.874,20.592,0.283,6.1,4,0.028,0.304,0.276,5.4,0.973,0.8,0.899,75,UNSTABLE,0,6.36,1135,377,1133,309,46,2.9,0,20.9,21,0,0,0
,,,,,,,,,,,,,,,,,,,,,,,,,,,,,,,
255,0107,7/8/26 5:13,4,20.874,20.596,0.278,6.1,4,0.028,0.3,0.272,5.4,0.973,0.8,0.898,75,STABLE,0.05,6.4,739,172,1561,213,403,2.9,0,20.9,21,0,0,0
,,,,,,,,,,,,,,,,,,,,,,,,,,,,,,,
256,0107,7/8/26 5:24,4,20.874,20.6,0.274,6.1,4,0.028,0.284,0.256,5.4,0.919,0.7,0.898,75,UNSTABLE,0,6.4,1570,327,908,154,415,2.9,0,20.9,21,0,0,0
,,,,,,,,,,,,,,,,,,,,,,,,,,,,,,,
257,0107,7/8/26 5:34,4,20.874,20.584,0.29,6.2,4,0.028,0.306,0.278,5.4,0.948,0.8,0.899,75,STABLE,0.07,6.48,1139,375,1368,485,833,2.9,0,21,21,0,0,0
,,,,,,,,,,,,,,,,,,,,,,,,,,,,,,,
258,0107,7/8/26 5:45,4,20.874,20.602,0.272,6.2,4,0.028,0.292,0.264,5.5,0.96,0.7,0.898,75,UNSTABLE,0.07,6.55,1436,511,1302,635,101,3,0,21.3,21,0,0,0
,,,,,,,,,,,,,,,,,,,,,,,,,,,,,,,
259,0107,7/8/26 5:55,4,20.874,20.599,0.275,6.2,4,0.028,0.295,0.267,5.5,0.966,0.7,0.899,75,STABLE,0,6.55,904,195,467,120,496,2.9,0,21.6,21,0,0,0
,,,,,,,,,,,,,,,,,,,,,,,,,,,,,,,
260,0107,7/8/26 6:05,4,20.874,20.6,0.274,6.2,4,0.028,0.291,0.263,5.5,0.948,0.7,0.898,75,STABLE,0.04,6.59,1551,488,1326,343,78,2.9,0,21.7,21,0,0,0
,,,,,,,,,,,,,,,,,,,,,,,,,,,,,,,
261,0107,7/8/26 6:16,4,20.874,20.63,0.244,6.3,3,0.029,0.253,0.225,5.5,0.9,0.7,0.899,75,STABLE,0,6.59,2006,175,485,163,118,2.9,0,21.6,21,0,0,0
,,,,,,,,,,,,,,,,,,,,,,,,,,,,,,,
262,0107,7/8/26 6:26,4,20.874,20.612,0.262,6.3,4,0.029,0.261,0.232,5.6,0.861,0.7,0.898,75,STABLE,0,6.59,1769,20,274,21,0,2.9,0,21.6,21,0,0,0
,,,,,,,,,,,,,,,,,,,,,,,,,,,,,,,
263,0107,7/8/26 6:37,4,20.874,20.605,0.269,6.3,4,0.029,0.263,0.235,5.6,0.842,0.7,0.898,75,UNSTABLE,0,6.59,913,104,308,96,267,2.9,0,21.6,21,0,0,100
,,,,,,,,,,,,,,,,,,,,,,,,,,,,,,,
264,0107,7/8/26 6:47,3,20.874,20.672,0.203,6.3,3,0.029,0.211,0.182,5.6,0.875,0.5,0.897,75,STABLE,0.09,6.68,661,31,126,11,156,3,0,20.9,21,0,0,100
,,,,,,,,,,,,,,,,,,,,,,,,,,,,,,,
265,0107,7/8/26 6:58,4,20.874,20.597,0.277,6.4,4,0.029,0.282,0.253,5.6,0.894,0.8,0.899,75,STABLE,0.03,6.71,1011,314,793,227,116,2.9,0,21,21,0,0,100
,,,,,,,,,,,,,,,,,,,,,,,,,,,,,,,
266,0107,7/8/26 7:08,4,20.874,20.607,0.268,6.4,4,0.029,0.269,0.239,5.6,0.87,0.7,0.899,75,STABLE,0.04,6.76,885,279,704,278,706,2.9,0,21.3,21,0,0,100
,,,,,,,,,,,,,,,,,,,,,,,,,,,,,,,
267,0107,7/8/26 7:18,4,20.874,20.604,0.27,6.4,4,0.029,0.282,0.253,5.7,0.922,0.7,0.899,75,STABLE,0,6.76,1611,628,1612,850,38,2.9,0,21.5,21,0,0,100
,,,,,,,,,,,,,,,,,,,,,,,,,,,,,,,
268,0107,7/8/26 7:29,4,20.874,20.627,0.247,6.4,3,0.029,0.253,0.224,5.7,0.883,0.7,0.899,75,UNSTABLE,0,6.76,1018,338,970,417,205,3,0,21.7,21,0,0,100
,,,,,,,,,,,,,,,,,,,,,,,,,,,,,,,
269,0107,7/8/26 7:39,3,20.874,20.661,0.213,6.5,3,0.03,0.22,0.19,5.7,0.867,0.6,0.898,75,STABLE,0,6.76,1670,313,905,90,0,2.9,0,21.1,21,0,0,100
,,,,,,,,,,,,,,,,,,,,,,,,,,,,,,,
270,0107,7/8/26 7:50,3,20.874,20.674,0.2,6.5,3,0.03,0.202,0.172,5.7,0.831,0.5,0.897,75,STABLE,0,6.76,28,2,1007,5,0,3,0,20.9,21,0,0,100
,,,,,,,,,,,,,,,,,,,,,,,,,,,,,,,
271,0107,7/8/26 8:00,4,20.874,20.638,0.236,6.5,3,0.03,0.231,0.201,5.7,0.823,0.6,0.899,75,STABLE,0,6.76,1189,304,1700,95,18,3,0,21.2,21,0,0,100
,,,,,,,,,,,,,,,,,,,,,,,,,,,,,,,
272,0107,7/8/26 8:10,3,20.874,20.677,0.197,6.5,2,0.03,0.192,0.162,5.8,0.784,0.5,0.9,75,STABLE,0.03,6.79,619,90,406,46,0,3,0,21.4,21,0,0,100
,,,,,,,,,,,,,,,,,,,,,,,,,,,,,,,
273,0107,7/8/26 8:21,3,20.874,20.669,0.205,6.5,2,0.03,0.193,0.163,5.8,0.756,0.6,0.898,75,STABLE,0,6.79,431,14,609,0,0,3,0,21.6,21,0,0,100
,,,,,,,,,,,,,,,,,,,,,,,,,,,,,,,
274,0107,7/8/26 8:31,3,20.874,20.659,0.215,6.6,3,0.03,0.206,0.176,5.8,0.782,0.6,0.898,75,STABLE,0,6.79,3635,67,750,26,0,3,0,21.5,21,0,0,100
,,,,,,,,,,,,,,,,,,,,,,,,,,,,,,,
275,0107,7/8/26 8:42,4,20.874,20.652,0.223,6.6,3,0.03,0.208,0.178,5.8,0.76,0.6,0.898,75,STABLE,0,6.79,1,0,718,16,0,3,0,21,21,0,0,100
,,,,,,,,,,,,,,,,,,,,,,,,,,,,,,,
276,0107,7/8/26 8:52,3,20.874,20.658,0.217,6.6,3,0.03,0.2,0.171,5.8,0.745,0.6,0.898,75,STABLE,0,6.79,577,5,873,36,0,3,0,21,21,0,0,100
,,,,,,,,,,,,,,,,,,,,,,,,,,,,,,,
277,0107,7/8/26 9:03,3,20.874,20.656,0.218,6.6,3,0.03,0.202,0.173,5.8,0.752,0.6,0.899,75,STABLE,0,6.79,84,2,647,13,0,2.9,0,21.2,21,0,0,100
,,,,,,,,,,,,,,,,,,,,,,,,,,,,,,,
278,0107,7/8/26 9:13,3,20.874,20.661,0.213,6.6,3,0.03,0.201,0.171,5.9,0.76,0.6,0.9,75,STABLE,0,6.79,3950,125,537,32,0,2.9,0,21.4,21,0,0,100
,,,,,,,,,,,,,,,,,,,,,,,,,,,,,,,
279,EVENT,7/8/26 9:23,3,20.874,20.668,0.206,6.7,3,0.03,0.194,0.165,5.9,0.76,0.6,0.899,75,STABLE,0.07,6.86,2883,20,1569,8,4,2.9,0,21.6,21,0,0,100
,,,,,,,,,,,,,,,,,,,,,,,,,,,,,,,
280,0107,7/8/26 9:34,4,20.874,20.633,0.242,6.7,3,0.03,0.227,0.197,5.9,0.779,0.7,0.901,75,UNSTABLE,0,6.86,2080,166,3165,103,207,2.9,0,21.6,21,0,0,100
,,,,,,,,,,,,,,,,,,,,,,,,,,,,,,,
281,0107,7/8/26 9:44,4,20.874,20.594,0.281,6.7,4,0.03,0.282,0.253,5.9,0.877,0.8,0.899,75,STABLE,0.08,6.93,1071,297,2739,268,573,2.9,0,21,21,0,0,100
,,,,,,,,,,,,,,,,,,,,,,,,,,,,,,,
282,0107,7/8/26 9:55,4,20.874,20.607,0.267,6.7,4,0.03,0.273,0.244,5.9,0.891,0.7,0.899,75,STABLE,0.61,7.54,1202,501,1297,698,93,2.9,0,21,21,0,0,100
,,,,,,,,,,,,,,,,,,,,,,,,,,,,,,,
283,0107,7/8/26 10:05,4,20.874,20.613,0.261,6.8,4,0.03,0.275,0.245,6,0.924,0.7,0.899,75,STABLE,0,7.54,1106,155,770,115,0,2.9,0,21.2,21,0,0,100
,,,,,,,,,,,,,,,,,,,,,,,,,,,,,,,
284,0107,7/8/26 10:15,3,20.874,20.683,0.191,6.8,3,0.03,0.204,0.174,6,0.893,0.5,0.898,75,STABLE,0,7.54,697,25,739,26,0,2.9,0,21.4,21,0,0,100
,,,,,,,,,,,,,,,,,,,,,,,,,,,,,,,
285,0107,7/8/26 10:26,3,20.874,20.673,0.201,6.8,3,0.03,0.209,0.179,6,0.867,0.5,0.898,75,STABLE,0,7.54,1127,30,1098,39,0,2.9,0,21.6,21,0,0,100
,,,,,,,,,,,,,,,,,,,,,,,,,,,,,,,
286,0107,7/8/26 10:36,4,20.874,20.638,0.236,6.8,3,0.03,0.241,0.211,6,0.87,0.6,0.898,75,STABLE,0,7.54,823,96,1613,87,12,2.9,0,21.6,21,0,0,100
,,,,,,,,,,,,,,,,,,,,,,,,,,,,,,,
287,0107,7/8/26 10:47,3,20.874,20.675,0.199,6.9,3,0.03,0.205,0.175,6,0.852,0.5,0.899,75,STABLE,0,7.54,810,124,334,78,12,2.9,0,21.1,21,0,0,100
,,,,,,,,,,,,,,,,,,,,,,,,,,,,,,,
288,0107,7/8/26 10:57,4,20.874,20.638,0.236,6.9,3,0.03,0.245,0.215,6,0.889,0.6,0.898,75,STABLE,0,7.54,439,51,512,80,0,2.9,0,21,21,0,0,100
,,,,,,,,,,,,,,,,,,,,,,,,,,,,,,,
289,0107,7/8/26 11:08,4,20.874,20.64,0.234,6.9,3,0.029,0.24,0.211,6.1,0.877,0.6,0.899,75,STABLE,0,7.54,643,30,839,90,0,2.9,0,21.2,21,0,0,100
,,,,,,,,,,,,,,,,,,,,,,,,,,,,,,,
290,0107,7/8/26 11:18,3,20.874,20.653,0.221,6.9,3,0.029,0.225,0.195,6.1,0.856,0.6,0.898,75,STABLE,0,7.54,1995,18,915,76,0,2.9,0,21.4,21,0,0,100
,,,,,,,,,,,,,,,,,,,,,,,,,,,,,,,
291,0107,7/8/26 11:28,4,20.874,20.648,0.226,6.9,3,0.03,0.232,0.202,6.1,0.871,0.6,0.897,75,STABLE,0,7.54,2367,14,130,5,0,2.9,0,21.6,21,0,0,100
,,,,,,,,,,,,,,,,,,,,,,,,,,,,,,,
292,0107,7/8/26 11:39,4,20.874,20.625,0.249,7,4,0.029,0.266,0.237,6.1,0.938,0.7,0.897,75,STABLE,0.04,7.58,1052,254,627,263,33,2.9,0,21.6,21,0,0,100
,,,,,,,,,,,,,,,,,,,,,,,,,,,,,,,
293,0107,7/8/26 11:49,4,20.874,20.611,0.263,7,4,0.029,0.275,0.246,6.1,0.918,0.7,0.898,75,STABLE,0,7.58,1477,387,668,308,101,2.9,0,21.1,21,0,0,100
,,,,,,,,,,,,,,,,,,,,,,,,,,,,,,,
294,0107,7/8/26 12:00,4,20.874,20.597,0.277,7,4,0.029,0.29,0.261,6.2,0.928,0.8,0.897,75,STABLE,0,7.58,1323,245,707,340,47,2.9,0,20.9,21,0,0,100
,,,,,,,,,,,,,,,,,,,,,,,,,,,,,,,
295,0107,7/8/26 12:10,4,20.874,20.612,0.262,7,4,0.029,0.276,0.247,6.2,0.927,0.7,0.898,75,STABLE,0,7.58,588,158,809,281,12,2.9,0,21.2,21,0,0,100
,,,,,,,,,,,,,,,,,,,,,,,,,,,,,,,
296,0107,7/8/26 12:20,4,20.874,20.615,0.259,7.1,4,0.029,0.276,0.247,6.2,0.941,0.7,0.898,75,STABLE,0,7.58,1335,51,403,37,0,2.9,0,21.4,21,0,0,100
,,,,,,,,,,,,,,,,,,,,,,,,,,,,,,,
297,0107,7/8/26 12:31,3,20.874,20.663,0.211,7.1,3,0.029,0.226,0.197,6.2,0.919,0.6,0.897,75,STABLE,0,7.58,1382,3,19,0,0,2.9,0,21.6,21,0,0,100
,,,,,,,,,,,,,,,,,,,,,,,,,,,,,,,
298,0107,7/8/26 12:41,3,20.874,20.672,0.202,7.1,3,0.029,0.212,0.183,6.3,0.882,0.5,0.899,75,STABLE,0,7.58,3138,0,9,0,0,2.9,0,21.7,21,0,0,100
,,,,,,,,,,,,,,,,,,,,,,,,,,,,,,,
299,0107,7/8/26 12:52,3,20.874,20.669,0.206,7.1,3,0.029,0.217,0.189,6.3,0.898,0.6,0.898,75,STABLE,0,7.58,351,14,456,15,0,2.9,0,21.1,21,0,0,100
,,,,,,,,,,,,,,,,,,,,,,,,,,,,,,,
300,0107,7/8/26 13:02,3,20.874,20.668,0.206,7.1,3,0.029,0.219,0.19,6.3,0.903,0.6,0.898,75,STABLE,0,7.58,148,10,221,34,0,2.9,0,20.9,21,0,0,100
,,,,,,,,,,,,,,,,,,,,,,,,,,,,,,,
301,0107,7/8/26 13:13,4,20.874,20.643,0.231,7.2,3,0.028,0.236,0.208,6.3,0.876,0.6,0.899,75,STABLE,0,7.58,2270,126,275,22,0,2.9,0,21.1,21,0,0,100
,,,,,,,,,,,,,,,,,,,,,,,,,,,,,,,
302,0107,7/8/26 13:23,4,20.874,20.638,0.236,7.2,3,0.028,0.235,0.207,6.3,0.851,0.6,0.899,75,STABLE,0,7.58,2231,53,77,3,0,2.9,0,21.3,21,0,0,100
,,,,,,,,,,,,,,,,,,,,,,,,,,,,,,,
303,0107,7/8/26 13:33,4,20.874,20.648,0.226,7.2,3,0.028,0.226,0.198,6.3,0.847,0.6,0.9,75,STABLE,0,7.58,1699,17,588,19,0,2.9,0,21.5,21,0,0,100
,,,,,,,,,,,,,,,,,,,,,,,,,,,,,,,
304,0107,7/8/26 13:44,3,20.874,20.654,0.22,7.2,3,0.028,0.222,0.194,6.4,0.856,0.6,0.898,75,STABLE,0,7.58,6,2,514,3,0,2.9,0,21.7,21,0,0,100
,,,,,,,,,,,,,,,,,,,,,,,,,,,,,,,
305,0107,7/8/26 13:54,3,20.874,20.651,0.223,7.3,3,0.028,0.227,0.199,6.4,0.871,0.6,0.898,75,STABLE,0,7.58,504,20,301,8,0,2.9,0,21.2,21,0,0,100
,,,,,,,,,,,,,,,,,,,,,,,,,,,,,,,
306,0107,7/8/26 14:05,3,20.874,20.66,0.214,7.3,3,0.028,0.217,0.189,6.4,0.854,0.6,0.898,75,STABLE,0,7.58,504,1,160,2,0,2.9,0,20.9,21,0,0,100
,,,,,,,,,,,,,,,,,,,,,,,,,,,,,,,
307,0107,7/8/26 14:15,3,20.874,20.664,0.21,7.3,3,0.028,0.212,0.184,6.4,0.849,0.6,0.898,75,STABLE,0,7.58,2168,18,74,13,0,2.9,0,21.1,21,0,0,100
,,,,,,,,,,,,,,,,,,,,,,,,,,,,,,,
308,0107,7/8/26 14:25,3,20.874,20.656,0.219,7.3,3,0.028,0.22,0.192,6.4,0.851,0.6,0.899,75,STABLE,0,7.58,3473,950,1211,95,0,2.9,0,21.3,21,0,0,100
,,,,,,,,,,,,,,,,,,,,,,,,,,,,,,,
309,0107,7/8/26 14:36,4,20.874,20.646,0.228,7.3,3,0.028,0.23,0.202,6.5,0.859,0.6,0.899,75,STABLE,0,7.58,4930,521,573,174,3,2.9,0,21.5,21,0,0,100
,,,,,,,,,,,,,,,,,,,,,,,,,,,,,,,
310,0107,7/8/26 14:46,3,20.874,20.665,0.209,7.4,3,0.028,0.218,0.19,6.5,0.886,0.6,0.898,75,STABLE,0,7.58,659,51,409,68,0,2.9,0,21.7,21,0,0,100
,,,,,,,,,,,,,,,,,,,,,,,,,,,,,,,
311,0107,7/8/26 14:57,3,20.874,20.661,0.214,7.4,3,0.028,0.215,0.187,6.5,0.85,0.6,0.899,75,STABLE,0,7.58,1412,66,233,40,0,2.9,0,21.1,21,0,0,100
,,,,,,,,,,,,,,,,,,,,,,,,,,,,,,,
312,0107,7/8/26 15:07,3,20.874,20.69,0.184,7.4,2,0.028,0.182,0.154,6.5,0.802,0.5,0.899,75,STABLE,0,7.58,1171,20,419,38,0,2.9,0,20.9,21,0,0,100
,,,,,,,,,,,,,,,,,,,,,,,,,,,,,,,
313,0107,7/8/26 15:18,3,20.874,20.689,0.185,7.4,2,0.028,0.183,0.156,6.5,0.806,0.5,0.899,75,STABLE,0,7.58,389,3,1237,5,0,2.9,0,21.1,21,0,0,100
,,,,,,,,,,,,,,,,,,,,,,,,,,,,,,,
314,0107,7/8/26 15:28,3,20.874,20.68,0.195,7.4,3,0.027,0.194,0.166,6.5,0.821,0.5,0.899,75,STABLE,0,7.58,1315,44,930,73,0,2.9,0,21.3,21,0,0,100
,,,,,,,,,,,,,,,,,,,,,,,,,,,,,,,
315,0107,7/8/26 15:38,3,20.874,20.675,0.199,7.5,3,0.028,0.193,0.166,6.5,0.799,0.5,0.899,75,STABLE,0,7.58,1554,58,483,13,0,2.9,0,21.4,21,0,0,100
,,,,,,,,,,,,,,,,,,,,,,,,,,,,,,,
316,0107,7/8/26 15:49,3,20.874,20.677,0.197,7.5,2,0.027,0.191,0.163,6.6,0.79,0.5,0.898,75,STABLE,0,7.58,3945,690,70,4,3,2.9,0,21.6,21,0,0,100
,,,,,,,,,,,,,,,,,,,,,,,,,,,,,,,
317,0107,7/8/26 15:59,4,20.874,20.651,0.224,7.5,3,0.028,0.216,0.189,6.6,0.811,0.6,0.899,75,STABLE,0,7.58,3628,847,800,36,0,2.9,0,21.5,21,0,0,100
,,,,,,,,,,,,,,,,,,,,,,,,,,,,,,,
318,0107,7/8/26 16:10,4,20.874,20.616,0.258,7.5,3,0.028,0.253,0.225,6.6,0.843,0.7,0.899,75,UNSTABLE,0.04,7.61,1190,259,769,204,330,2.9,0,21,21,0,0,100
,,,,,,,,,,,,,,,,,,,,,,,,,,,,,,,
319,0107,7/8/26 16:20,4,20.874,20.621,0.253,7.5,3,0.028,0.249,0.222,6.6,0.849,0.7,0.898,75,STABLE,0.03,7.65,1023,432,1093,427,30,2.9,0,21,21,0,0,100
,,,,,,,,,,,,,,,,,,,,,,,,,,,,,,,
320,0107,7/8/26 16:30,3,20.874,20.664,0.21,7.6,3,0.027,0.202,0.174,6.6,0.794,0.6,0.899,75,STABLE,0,7.65,823,68,375,47,12,2.9,0,21.2,21,0,0,100
,,,,,,,,,,,,,,,,,,,,,,,,,,,,,,,
321,0107,7/8/26 16:41,3,20.874,20.66,0.214,7.6,3,0.028,0.208,0.18,6.7,0.809,0.6,0.899,75,STABLE,0,7.65,445,24,1296,10,0,3,0,21.4,21,0,0,100
,,,,,,,,,,,,,,,,,,,,,,,,,,,,,,,
322,0107,7/8/26 16:51,3,20.874,20.669,0.205,7.6,3,0.028,0.196,0.169,6.7,0.786,0.6,0.898,75,STABLE,0,7.65,1102,2,624,6,0,2.9,0,21.6,21,0,0,100
,,,,,,,,,,,,,,,,,,,,,,,,,,,,,,,
323,0107,7/8/26 17:02,3,20.874,20.67,0.204,7.6,3,0.027,0.194,0.167,6.7,0.782,0.6,0.899,75,STABLE,0,7.65,506,34,400,21,0,2.9,0,21.6,21,0,0,100
,,,,,,,,,,,,,,,,,,,,,,,,,,,,,,,
324,0107,7/8/26 17:12,3,20.874,20.679,0.196,7.6,2,0.027,0.187,0.16,6.7,0.779,0.5,0.898,75,STABLE,0,7.65,678,1,138,2,0,3,0,21.1,21,0,0,100
,,,,,,,,,,,,,,,,,,,,,,,,,,,,,,,
325,0107,7/8/26 17:23,3,20.874,20.677,0.197,7.7,2,0.027,0.189,0.162,6.7,0.785,0.5,0.898,75,STABLE,0,7.65,1110,7,78,1,0,3,0,20.9,21,0,0,100
,,,,,,,,,,,,,,,,,,,,,,,,,,,,,,,
326,0107,7/8/26 17:33,3,20.874,20.666,0.209,7.7,3,0.027,0.197,0.169,6.7,0.772,0.6,0.9,75,STABLE,0,7.65,6154,332,299,23,0,3,0,21.1,21,0,0,100
,,,,,,,,,,,,,,,,,,,,,,,,,,,,,,,
327,0107,7/8/26 17:43,3,20.874,20.673,0.201,7.7,3,0.027,0.192,0.165,6.7,0.781,0.5,0.9,75,STABLE,0,7.65,783,120,288,2,0,3,0,21.3,21,0,0,100
,,,,,,,,,,,,,,,,,,,,,,,,,,,,,,,
328,0107,7/8/26 17:54,3,20.874,20.683,0.191,7.7,2,0.027,0.185,0.158,6.8,0.788,0.5,0.899,75,STABLE,0,7.65,225,7,211,0,0,3,0,21.4,21,0,0,100
,,,,,,,,,,,,,,,,,,,,,,,,,,,,,,,
329,0107,7/8/26 18:04,4,20.874,20.643,0.231,7.7,3,0.027,0.22,0.192,6.8,0.797,0.6,0.9,75,STABLE,0,7.65,1081,29,1353,255,0,3,0,21.6,21,0,0,100
,,,,,,,,,,,,,,,,,,,,,,,,,,,,,,,
330,0107,7/8/26 18:15,4,20.874,20.625,0.249,7.8,3,0.027,0.241,0.214,6.8,0.829,0.7,0.899,75,STABLE,0.04,7.68,1151,64,622,25,794,3,0,21.6,21,0,0,100
,,,,,,,,,,,,,,,,,,,,,,,,,,,,,,,
331,0107,7/8/26 18:25,4,20.874,20.624,0.25,7.8,3,0.027,0.254,0.227,6.8,0.885,0.7,0.899,75,STABLE,0,7.68,1070,154,811,221,338,3,0,21,21,0,0,100
,,,,,,,,,,,,,,,,,,,,,,,,,,,,,,,
332,0107,7/8/26 18:35,3,20.874,20.687,0.187,7.8,2,0.027,0.187,0.16,6.8,0.822,0.5,0.899,75,STABLE,0,7.68,1088,123,260,45,0,3,0,20.9,21,0,0,0
,,,,,,,,,,,,,,,,,,,,,,,,,,,,,,,
333,0107,7/8/26 18:46,4,20.874,20.611,0.263,7.8,3,0.027,0.255,0.228,6.9,0.836,0.7,0.898,75,STABLE,0.04,7.72,1454,502,819,306,235,3,0,20.9,21,0,0,0
,,,,,,,,,,,,,,,,,,,,,,,,,,,,,,,
334,0107,7/8/26 18:56,4,20.874,20.615,0.259,7.9,3,0.027,0.257,0.23,6.9,0.86,0.7,0.899,75,STABLE,0.05,7.77,1040,258,842,210,545,3,0,21.1,21,0,0,0
,,,,,,,,,,,,,,,,,,,,,,,,,,,,,,,
335,0107,7/8/26 19:07,4,20.874,20.644,0.23,7.9,3,0.027,0.233,0.205,6.9,0.87,0.6,0.9,75,STABLE,0,7.77,674,92,184,23,0,3,0,21.6,21,0,0,0
,,,,,,,,,,,,,,,,,,,,,,,,,,,,,,,
336,0107,7/8/26 19:17,4,20.874,20.639,0.235,7.9,3,0.027,0.227,0.2,6.9,0.818,0.6,0.899,75,STABLE,0.14,7.91,641,40,1339,39,0,3,0,21.6,21,0,0,0
,,,,,,,,,,,,,,,,,,,,,,,,,,,,,,,
337,0107,7/8/26 19:28,3,20.874,20.653,0.221,7.9,3,0.028,0.216,0.189,6.9,0.82,0.6,0.898,75,STABLE,0.03,7.94,142,12,725,35,0,3,0,21.5,21,0,0,0
,,,,,,,,,,,,,,,,,,,,,,,,,,,,,,,
338,0107,7/8/26 19:38,4,20.874,20.641,0.234,7.9,3,0.027,0.226,0.199,7,0.819,0.6,0.899,75,STABLE,0,7.94,38,1,942,0,0,2.9,0,21.4,21,0,0,0
,,,,,,,,,,,,,,,,,,,,,,,,,,,,,,,
339,0107,7/8/26 19:48,3,20.874,20.654,0.221,8,3,0.027,0.214,0.186,7,0.812,0.6,0.899,75,STABLE,0,7.94,1076,5,805,13,0,3,0,21.3,21,0,0,0
,,,,,,,,,,,,,,,,,,,,,,,,,,,,,,,
340,0107,7/8/26 19:59,4,20.874,20.632,0.242,8,3,0.027,0.239,0.212,7,0.847,0.7,0.9,75,STABLE,0,7.94,723,37,755,168,144,2.9,0,21.2,21,0,0,0
,,,,,,,,,,,,,,,,,,,,,,,,,,,,,,,
341,0107,7/8/26 20:09,4,20.874,20.638,0.236,8,3,0.027,0.228,0.2,7,0.815,0.6,0.9,75,UNSTABLE,0,7.94,1113,68,330,12,13,2.9,0,21,21,0,0,0
,,,,,,,,,,,,,,,,,,,,,,,,,,,,,,,
342,0107,7/8/26 20:20,4,20.874,20.596,0.278,8,4,0.027,0.28,0.252,7,0.884,0.8,0.899,75,STABLE,0,7.94,1041,194,1749,297,1033,2.9,0,20.9,21,0,0,0
,,,,,,,,,,,,,,,,,,,,,,,,,,,,,,,
343,0107,7/8/26 20:30,4,20.874,20.596,0.279,8.1,4,0.027,0.294,0.267,7.1,0.947,0.8,0.899,75,UNSTABLE,0,7.94,1667,450,814,143,40,2.9,0,21,21,0,0,0
,,,,,,,,,,,,,,,,,,,,,,,,,,,,,,,
344,0107,7/8/26 20:40,4,20.874,20.595,0.28,8.1,4,0.027,0.294,0.267,7.1,0.942,0.8,0.899,75,UNSTABLE,0.05,7.99,1246,346,951,410,787,2.9,0,21.3,21,0,0,0
,,,,,,,,,,,,,,,,,,,,,,,,,,,,,,,
345,0107,7/8/26 20:51,4,20.874,20.596,0.278,8.1,4,0.027,0.29,0.263,7.1,0.931,0.8,0.9,75,STABLE,0.04,8.03,1137,247,627,150,17,2.9,0,21.7,21,0,0,0
,,,,,,,,,,,,,,,,,,,,,,,,,,,,,,,
346,0107,7/8/26 21:01,4,20.874,20.61,0.265,8.1,4,0.027,0.262,0.235,7.1,0.863,0.7,0.899,75,STABLE,0,8.03,533,15,36,3,0,2.9,0,21.6,21,0,0,0
,,,,,,,,,,,,,,,,,,,,,,,,,,,,,,,
347,0107,7/8/26 21:12,4,20.874,20.612,0.263,8.2,4,0.027,0.262,0.235,7.2,0.872,0.7,0.901,75,STABLE,0,8.03,965,192,796,169,6,2.9,0,21.5,21,0,0,0
,,,,,,,,,,,,,,,,,,,,,,,,,,,,,,,
348,0107,7/8/26 21:22,4,20.874,20.608,0.266,8.2,4,0.027,0.258,0.231,7.2,0.84,0.7,0.9,75,UNSTABLE,0,8.03,497,114,776,191,238,2.9,0,21.4,21,0,0,0
,,,,,,,,,,,,,,,,,,,,,,,,,,,,,,,
349,0107,7/8/26 21:33,4,20.874,20.596,0.278,8.2,4,0.027,0.283,0.256,7.2,0.904,0.8,0.899,75,STABLE,0.66,8.69,383,50,424,21,1118,2.9,0,21.3,21,0,0,0
,,,,,,,,,,,,,,,,,,,,,,,,,,,,,,,
350,0107,7/8/26 21:43,5,20.874,20.575,0.299,8.3,4,0.027,0.318,0.291,7.2,0.964,0.8,0.9,75,STABLE,0,8.69,1180,623,1324,665,269,2.9,0,21.1,21,0,0,0
,,,,,,,,,,,,,,,,,,,,,,,,,,,,,,,
351,0107,7/8/26 21:53,4,20.874,20.593,0.281,8.3,4,0.027,0.301,0.274,7.2,0.97,0.8,0.898,75,STABLE,0,8.69,1313,484,1174,527,55,2.9,0,21,21,0,0,0
,,,,,,,,,,,,,,,,,,,,,,,,,,,,,,,
352,0107,7/8/26 22:04,4,20.874,20.602,0.273,8.3,4,0.027,0.301,0.274,7.3,1.005,0.7,0.9,75,STABLE,0,8.69,823,297,768,436,23,2.9,0,20.9,21,0,0,0
,,,,,,,,,,,,,,,,,,,,,,,,,,,,,,,
353,0107,7/8/26 22:14,4,20.874,20.636,0.238,8.3,4,0.027,0.258,0.232,7.3,0.965,0.6,0.9,75,STABLE,0,8.69,1716,135,727,175,13,2.9,0,20.9,21,0,0,0
,,,,,,,,,,,,,,,,,,,,,,,,,,,,,,,
354,0107,7/8/26 22:25,4,20.874,20.611,0.264,8.4,4,0.027,0.286,0.259,7.3,0.979,0.7,0.899,75,STABLE,0,8.69,1756,49,389,23,0,2.9,0,21.1,21,0,0,0
,,,,,,,,,,,,,,,,,,,,,,,,,,,,,,,
355,0107,7/8/26 22:35,4,20.874,20.622,0.252,8.4,4,0.027,0.274,0.247,7.3,0.976,0.7,0.9,75,STABLE,0,8.69,2047,182,88,19,0,2.9,0,21.4,21,0,0,0
,,,,,,,,,,,,,,,,,,,,,,,,,,,,,,,
356,0107,7/8/26 22:45,4,20.874,20.632,0.242,8.4,4,0.027,0.263,0.236,7.4,0.967,0.7,0.9,75,STABLE,0,8.69,728,57,43,20,0,2.9,0,21.6,21,0,0,0
,,,,,,,,,,,,,,,,,,,,,,,,,,,,,,,
357,0107,7/8/26 22:56,4,20.874,20.643,0.231,8.4,3,0.027,0.251,0.224,7.4,0.962,0.6,0.899,75,STABLE,0,8.69,766,12,112,4,0,2.9,0,21.6,21,0,0,0
,,,,,,,,,,,,,,,,,,,,,,,,,,,,,,,
358,0107,7/8/26 23:06,3,20.874,20.655,0.219,8.4,3,0.027,0.241,0.214,7.4,0.97,0.6,0.899,75,STABLE,0,8.69,2249,37,173,32,1,2.9,0,21.6,21,0,0,0
,,,,,,,,,,,,,,,,,,,,,,,,,,,,,,,
359,0107,7/8/26 23:17,4,20.874,20.638,0.236,8.5,4,0.027,0.257,0.23,7.4,0.97,0.6,0.9,75,STABLE,0,8.69,2707,176,161,25,0,2.9,0,21.5,21,0,0,0
,,,,,,,,,,,,,,,,,,,,,,,,,,,,,,,
360,0107,7/8/26 23:27,4,20.874,20.598,0.276,8.5,4,0.027,0.297,0.27,7.5,0.971,0.8,0.9,75,UNSTABLE,0,8.69,909,247,671,199,80,2.9,0,21.5,21,0,0,0
,,,,,,,,,,,,,,,,,,,,,,,,,,,,,,,
361,0107,7/8/26 23:38,5,20.874,20.579,0.295,8.5,4,0.027,0.315,0.288,7.5,0.971,0.8,0.899,75,STABLE,0.06,8.75,910,355,921,391,347,2.9,0,21.4,21,0,0,0
,,,,,,,,,,,,,,,,,,,,,,,,,,,,,,,
362,0107,7/8/26 23:48,4,20.874,20.581,0.294,8.5,4,0.027,0.316,0.289,7.5,0.978,0.8,0.9,75,UNSTABLE,0,8.75,723,285,824,304,81,2.9,0,21.4,21,0,0,0
,,,,,,,,,,,,,,,,,,,,,,,,,,,,,,,
363,0107,7/8/26 23:58,5,20.874,20.577,0.297,8.6,4,0.027,0.322,0.294,7.5,0.989,0.8,0.899,75,STABLE,0.04,8.8,960,327,883,327,89,2.9,0,21.3,21,0,0,0
,,,,,,,,,,,,,,,,,,,,,,,,,,,,,,,
364,0107,7/9/26 0:09,4,20.874,20.581,0.293,8.6,4,0.027,0.316,0.289,7.6,0.983,0.8,0.899,75,UNSTABLE,0.03,8.83,1282,417,1000,384,158,2.9,0,21.3,21,0,0,0
,,,,,,,,,,,,,,,,,,,,,,,,,,,,,,,
365,0107,7/9/26 0:19,5,20.874,20.578,0.296,8.6,4,0.027,0.321,0.294,7.6,0.99,0.8,0.9,75,UNSTABLE,0.09,8.92,865,239,749,309,628,2.9,0,21.2,21,0,0,0
,,,,,,,,,,,,,,,,,,,,,,,,,,,,,,,
366,0107,7/9/26 0:30,4,20.874,20.621,0.253,8.7,4,0.027,0.275,0.247,7.6,0.97,0.7,0.899,75,STABLE,0,8.92,628,115,567,160,52,2.9,0,21.1,21,0,0,0
,,,,,,,,,,,,,,,,,,,,,,,,,,,,,,,
367,0107,7/9/26 0:40,4,20.874,20.634,0.24,8.7,3,0.027,0.256,0.228,7.6,0.939,0.7,0.899,75,STABLE,0,8.92,3512,146,396,17,0,2.9,0,21.1,21,0,0,0
,,,,,,,,,,,,,,,,,,,,,,,,,,,,,,,
368,0107,7/9/26 0:50,4,20.874,20.639,0.235,8.7,3,0.027,0.237,0.209,7.7,0.867,0.6,0.899,75,STABLE,0,8.92,1616,131,335,60,3,3,0,21,21,0,0,0
,,,,,,,,,,,,,,,,,,,,,,,,,,,,,,,
369,0107,7/9/26 1:01,4,20.874,20.616,0.258,8.7,4,0.027,0.258,0.231,7.7,0.871,0.7,0.899,75,UNSTABLE,0,8.92,1195,234,1002,141,2,3,0,20.9,21,0,0,0
,,,,,,,,,,,,,,,,,,,,,,,,,,,,,,,
370,0107,7/9/26 1:11,5,20.874,20.582,0.293,8.7,4,0.028,0.296,0.268,7.7,0.898,0.8,0.898,75,UNSTABLE,0.06,8.98,866,105,437,123,539,3,0,20.9,21,0,0,0
,,,,,,,,,,,,,,,,,,,,,,,,,,,,,,,
371,0107,7/9/26 1:22,5,20.874,20.572,0.302,8.8,4,0.028,0.315,0.288,7.7,0.941,0.8,0.899,75,STABLE,0.05,9.03,882,250,675,320,284,3,0,20.9,21,0,0,0
,,,,,,,,,,,,,,,,,,,,,,,,,,,,,,,
372,0107,7/9/26 1:32,5,20.874,20.572,0.302,8.8,4,0.028,0.321,0.294,7.8,0.965,0.8,0.899,75,UNSTABLE,0.07,9.1,989,259,861,297,61,3,0,21.1,21,0,0,0
,,,,,,,,,,,,,,,,,,,,,,,,,,,,,,,
373,0107,7/9/26 1:43,4,20.874,20.597,0.277,8.8,4,0.028,0.297,0.269,7.8,0.967,0.8,0.9,75,STABLE,0,9.1,1289,188,714,132,0,3,0,21.4,21,0,0,0
,,,,,,,,,,,,,,,,,,,,,,,,,,,,,,,
374,0107,7/9/26 1:53,4,20.874,20.643,0.232,8.9,3,0.028,0.238,0.21,7.8,0.887,0.6,0.899,75,STABLE,0,9.1,1504,80,356,62,0,2.9,0,21.7,21,0,0,0
,,,,,,,,,,,,,,,,,,,,,,,,,,,,,,,
375,0107,7/9/26 2:03,4,20.874,20.632,0.242,8.9,3,0.028,0.238,0.21,7.8,0.839,0.7,0.9,75,STABLE,0,9.1,1504,145,484,39,0,3,0,21.6,21,0,0,0
,,,,,,,,,,,,,,,,,,,,,,,,,,,,,,,
376,0107,7/9/26 2:14,4,20.874,20.639,0.236,8.9,3,0.028,0.228,0.201,7.8,0.82,0.6,0.9,75,STABLE,0,9.1,249,8,1440,57,0,3,0,21.6,21,0,0,0
,,,,,,,,,,,,,,,,,,,,,,,,,,,,,,,
377,0107,7/9/26 2:24,4,20.874,20.638,0.236,8.9,3,0.028,0.224,0.197,7.9,0.799,0.6,0.9,75,STABLE,0,9.1,787,123,246,90,0,3,0,21.6,21,0,0,0
,,,,,,,,,,,,,,,,,,,,,,,,,,,,,,,
378,0107,7/9/26 2:35,5,20.874,20.585,0.29,9,4,0.028,0.287,0.259,7.9,0.871,0.8,0.9,75,UNSTABLE,0,9.1,756,133,972,171,415,3,0,21.5,21,0,0,0
,,,,,,,,,,,,,,,,,,,,,,,,,,,,,,,
379,0107,7/9/26 2:45,5,20.874,20.576,0.299,9,4,0.028,0.312,0.284,7.9,0.941,0.8,0.9,75,STABLE,0.28,9.38,507,101,786,164,381,2.9,0,21.4,21,0,0,0
,,,,,,,,,,,,,,,,,,,,,,,,,,,,,,,
380,0107,7/9/26 2:55,5,20.874,20.574,0.3,9,4,0.028,0.318,0.29,7.9,0.956,0.8,0.901,75,UNSTABLE,0,9.38,1126,504,924,459,501,3,0,21.4,21,0,0,0
,,,,,,,,,,,,,,,,,,,,,,,,,,,,,,,
381,0107,7/9/26 3:06,5,20.874,20.578,0.297,9,4,0.028,0.318,0.29,8,0.973,0.8,0.899,75,STABLE,0.06,9.44,1750,811,1803,1041,552,3,0,21.3,21,0,0,0
,,,,,,,,,,,,,,,,,,,,,,,,,,,,,,,
382,0107,7/9/26 3:16,4,20.874,20.587,0.287,9.1,4,0.028,0.309,0.281,8,0.975,0.8,0.9,75,UNSTABLE,0,9.44,1250,219,653,176,679,3,0,21.3,21,0,0,0
,,,,,,,,,,,,,,,,,,,,,,,,,,,,,,,
383,0107,7/9/26 3:27,4,20.874,20.596,0.278,9.1,4,0.028,0.301,0.273,8,0.977,0.8,0.901,75,STABLE,0.18,9.62,1026,321,774,340,413,3,0,21.2,21,0,0,0
,,,,,,,,,,,,,,,,,,,,,,,,,,,,,,,
384,0107,7/9/26 3:37,4,20.874,20.585,0.289,9.1,4,0.028,0.314,0.286,8,0.984,0.8,0.9,75,STABLE,0.09,9.71,1506,233,583,216,904,3,0,21.2,21,0,0,0
,,,,,,,,,,,,,,,,,,,,,,,,,,,,,,,
385,0107,7/9/26 3:48,4,20.874,20.588,0.286,9.1,4,0.028,0.311,0.283,8.1,0.987,0.8,0.899,75,UNSTABLE,0,9.71,1921,719,1805,1028,31,3,0,21.1,21,0,0,0
,,,,,,,,,,,,,,,,,,,,,,,,,,,,,,,
386,0107,7/9/26 3:58,4,20.874,20.605,0.27,9.2,4,0.028,0.29,0.262,8.1,0.965,0.7,0.9,75,UNSTABLE,0,9.71,1271,507,1121,402,88,3,0,21,21,0,0,0
,,,,,,,,,,,,,,,,,,,,,,,,,,,,,,,
387,0107,7/9/26 4:08,4,20.874,20.593,0.281,9.2,4,0.028,0.3,0.271,8.1,0.955,0.8,0.899,75,UNSTABLE,0,9.71,1300,324,696,280,618,3,0,20.9,21,0,0,0
,,,,,,,,,,,,,,,,,,,,,,,,,,,,,,,
388,0107,7/9/26 4:19,4,20.874,20.592,0.282,9.2,4,0.029,0.303,0.274,8.1,0.964,0.8,0.899,75,STABLE,0.09,9.8,1324,487,1212,630,280,3,0,20.9,21,0,0,0
,,,,,,,,,,,,,,,,,,,,,,,,,,,,,,,
389,0107,7/9/26 4:29,4,20.874,20.602,0.273,9.2,4,0.029,0.296,0.268,8.2,0.977,0.7,0.899,75,STABLE,0.07,9.87,1078,225,614,197,652,3,0,20.9,21,0,0,0
,,,,,,,,,,,,,,,,,,,,,,,,,,,,,,,
390,0107,7/9/26 4:40,4,20.874,20.595,0.279,9.3,4,0.029,0.301,0.272,8.2,0.972,0.8,0.899,75,UNSTABLE,0,9.87,1527,506,784,314,343,3,0,20.9,21,0,0,0
,,,,,,,,,,,,,,,,,,,,,,,,,,,,,,,
391,0107,7/9/26 4:50,4,20.874,20.601,0.273,9.3,4,0.029,0.297,0.269,8.2,0.978,0.7,0.899,75,STABLE,0.07,9.94,1251,220,440,86,428,3,0,21,21,0,0,0
,,,,,,,,,,,,,,,,,,,,,,,,,,,,,,,
392,0107,7/9/26 5:00,4,20.874,20.627,0.247,9.3,4,0.029,0.268,0.24,8.2,0.961,0.7,0.899,75,STABLE,0,9.94,1666,35,205,3,0,3,0,21.1,21,0,0,0
,,,,,,,,,,,,,,,,,,,,,,,,,,,,,,,
393,0107,7/9/26 5:11,4,20.874,20.626,0.249,9.3,4,0.029,0.263,0.234,8.3,0.927,0.7,0.9,75,STABLE,0,9.94,2729,3,96,1,0,3,0,21.2,21,0,0,0
,,,,,,,,,,,,,,,,,,,,,,,,,,,,,,,
394,0107,7/9/26 5:21,4,20.874,20.635,0.239,9.4,3,0.029,0.252,0.223,8.3,0.917,0.7,0.901,75,STABLE,0,9.94,3720,72,106,2,0,3,0,21.5,21,0,0,0
,,,,,,,,,,,,,,,,,,,,,,,,,,,,,,,
395,0107,7/9/26 5:32,4,20.874,20.617,0.258,9.4,4,0.029,0.266,0.237,8.3,0.901,0.7,0.9,75,UNSTABLE,0,9.94,1864,182,188,42,85,3,0,21.7,21,0,0,0
,,,,,,,,,,,,,,,,,,,,,,,,,,,,,,,
396,0107,7/9/26 5:42,5,20.874,20.578,0.296,9.4,4,0.029,0.312,0.282,8.3,0.944,0.8,0.901,75,STABLE,0.2,10.14,1347,308,632,207,487,3,0,21.6,21,0,0,0
,,,,,,,,,,,,,,,,,,,,,,,,,,,,,,,
397,0107,7/9/26 5:53,5,20.874,20.577,0.298,9.5,4,0.029,0.318,0.289,8.4,0.962,0.8,0.9,75,STABLE,0,10.14,1629,672,1253,511,334,3,0,21.6,21,0,0,0
,,,,,,,,,,,,,,,,,,,,,,,,,,,,,,,
398,0107,7/9/26 6:03,4,20.874,20.583,0.291,9.5,4,0.029,0.315,0.285,8.4,0.974,0.8,0.9,75,UNSTABLE,0.08,10.22,1007,311,931,483,721,3,0,21.5,21,0,0,0
,,,,,,,,,,,,,,,,,,,,,,,,,,,,,,,
399,0107,7/9/26 6:13,4,20.874,20.594,0.281,9.5,4,0.029,0.305,0.276,8.4,0.978,0.8,0.901,75,UNSTABLE,0.05,10.27,1307,362,1199,526,513,3,0,21.5,21,0,0,0
,,,,,,,,,,,,,,,,,,,,,,,,,,,,,,,
400,0107,7/9/26 6:24,4,20.874,20.594,0.28,9.5,4,0.03,0.307,0.277,8.4,0.99,0.8,0.901,75,STABLE,0.04,10.31,1747,581,1420,722,374,3,0,21.4,21,0,0,0
,,,,,,,,,,,,,,,,,,,,,,,,,,,,,,,
401,0107,7/9/26 6:34,4,20.874,20.616,0.258,9.6,4,0.03,0.285,0.255,8.5,0.986,0.7,0.899,75,STABLE,0,10.31,1396,485,1087,572,41,3,0,21.5,21,0,0,100
,,,,,,,,,,,,,,,,,,,,,,,,,,,,,,,
402,0107,7/9/26 6:45,4,20.874,20.631,0.243,9.6,4,0.03,0.265,0.236,8.5,0.964,0.7,0.899,75,STABLE,0,10.31,2000,484,830,377,14,3,0,21.6,21,0,0,100
,,,,,,,,,,,,,,,,,,,,,,,,,,,,,,,
403,0107,7/9/26 6:55,3,20.874,20.649,0.226,9.6,3,0.03,0.238,0.208,8.5,0.905,0.6,0.899,75,STABLE,0,10.31,2748,165,357,39,0,3,0,20.9,21,0,0,100
,,,,,,,,,,,,,,,,,,,,,,,,,,,,,,,
404,0107,7/9/26 7:05,3,20.874,20.652,0.222,9.6,3,0.03,0.236,0.206,8.5,0.911,0.6,0.898,75,STABLE,0,10.31,4271,171,451,2,0,3,0,21,21,0,0,100
,,,,,,,,,,,,,,,,,,,,,,,,,,,,,,,
405,0107,7/9/26 7:16,4,20.874,20.649,0.225,9.6,3,0.03,0.23,0.201,8.5,0.865,0.6,0.899,75,STABLE,0,10.31,4569,28,86,1,0,3,0,21.3,21,0,0,100
,,,,,,,,,,,,,,,,,,,,,,,,,,,,,,,
406,0107,7/9/26 7:26,3,20.874,20.66,0.214,9.7,3,0.03,0.219,0.19,8.6,0.862,0.6,0.899,75,STABLE,0,10.31,6318,12,372,40,0,3,0,21.5,21,0,0,100
,,,,,,,,,,,,,,,,,,,,,,,,,,,,,,,
407,0107,7/9/26 7:37,3,20.874,20.661,0.213,9.7,3,0.03,0.218,0.189,8.6,0.86,0.6,0.899,75,STABLE,0,10.31,2919,116,625,43,0,3,0,21.7,21,0,0,100
,,,,,,,,,,,,,,,,,,,,,,,,,,,,,,,
408,0107,7/9/26 7:47,3,20.874,20.661,0.213,9.7,3,0.03,0.212,0.182,8.6,0.824,0.6,0.898,75,STABLE,0,10.31,2030,42,453,3,0,3,0,21,21,0,0,100
,,,,,,,,,,,,,,,,,,,,,,,,,,,,,,,
409,0107,7/9/26 7:58,4,20.874,20.649,0.225,9.7,3,0.03,0.22,0.19,8.6,0.811,0.6,0.899,75,STABLE,0,10.31,3138,29,1350,18,0,3,0,21,21,0,0,100
,,,,,,,,,,,,,,,,,,,,,,,,,,,,,,,
410,0107,7/9/26 8:08,4,20.874,20.639,0.235,9.8,3,0.03,0.229,0.2,8.6,0.817,0.6,0.899,75,STABLE,0,10.31,1070,33,330,44,0,3,0,21.3,21,0,0,100
,,,,,,,,,,,,,,,,,,,,,,,,,,,,,,,
411,0107,7/9/26 8:18,4,20.874,20.617,0.257,9.8,3,0.029,0.254,0.225,8.7,0.846,0.7,0.9,75,UNSTABLE,0,10.31,2011,291,481,124,248,3,0,21.5,21,0,0,100
,,,,,,,,,,,,,,,,,,,,,,,,,,,,,,,
412,0107,7/9/26 8:29,4,20.874,20.633,0.242,9.8,3,0.029,0.253,0.224,8.7,0.908,0.7,0.899,75,STABLE,0.03,10.34,1825,331,712,283,178,3,0,21.7,21,0,0,100
,,,,,,,,,,,,,,,,,,,,,,,,,,,,,,,
413,0107,7/9/26 8:39,4,20.874,20.636,0.238,9.8,3,0.029,0.249,0.22,8.7,0.903,0.6,0.898,75,UNSTABLE,0,10.34,1324,366,669,260,378,3,0,21.1,21,0,0,100
,,,,,,,,,,,,,,,,,,,,,,,,,,,,,,,
414,0107,7/9/26 8:50,4,20.874,20.62,0.255,9.8,4,0.029,0.269,0.24,8.7,0.93,0.7,0.899,75,STABLE,0.07,10.41,1476,165,370,15,637,3,0,21,21,0,0,100
,,,,,,,,,,,,,,,,,,,,,,,,,,,,,,,
415,EVENT,7/9/26 9:00,3,20.874,20.658,0.216,9.9,3,0.028,0.227,0.198,8.7,0.899,0.6,0.899,75,STABLE,0,10.41,248,22,56,9,0,3,0,21.2,21,0,0,100
,,,,,,,,,,,,,,,,,,,,,,,,,,,,,,,
416,0107,7/9/26 9:10,3,20.874,20.68,0.195,9.9,3,0.028,0.196,0.168,8.8,0.833,0.5,0.899,75,STABLE,0,10.41,1347,1,76,6,0,3,0,21.4,21,0,0,100
,,,,,,,,,,,,,,,,,,,,,,,,,,,,,,,
417,0107,7/9/26 9:21,3,20.874,20.652,0.223,9.9,3,0.028,0.223,0.195,8.8,0.846,0.6,0.9,75,STABLE,0.09,10.5,2794,27,1560,19,0,3,0,21.6,21,0,0,100
,,,,,,,,,,,,,,,,,,,,,,,,,,,,,,,
418,0107,7/9/26 9:31,3,20.874,20.661,0.214,9.9,3,0.028,0.213,0.185,8.8,0.835,0.6,0.899,75,STABLE,0,10.5,984,8,52,18,0,3,0,21.6,21,0,0,100
,,,,,,,,,,,,,,,,,,,,,,,,,,,,,,,
419,0107,7/9/26 9:42,3,20.874,20.673,0.202,9.9,3,0.028,0.199,0.171,8.8,0.817,0.5,0.899,75,STABLE,0,10.5,551,12,269,9,0,3,0,20.9,21,0,0,100
,,,,,,,,,,,,,,,,,,,,,,,,,,,,,,,
420,0107,7/9/26 9:52,3,20.874,20.652,0.222,10,3,0.028,0.221,0.193,8.8,0.84,0.6,0.899,75,STABLE,0,10.5,262,53,661,32,0,3,0,21,21,0,0,100
,,,,,,,,,,,,,,,,,,,,,,,,,,,,,,,
421,0107,7/9/26 10:03,3,20.874,20.668,0.206,10,3,0.027,0.204,0.177,8.8,0.826,0.6,0.9,75,STABLE,0,10.5,418,5,240,1,0,3,0,21.2,21,0,0,100
,,,,,,,,,,,,,,,,,,,,,,,,,,,,,,,
422,0107,7/9/26 10:13,3,20.874,20.676,0.198,10,3,0.027,0.192,0.165,8.9,0.796,0.5,0.899,75,STABLE,0.05,10.55,1722,39,97,22,0,3,0,21.4,21,0,0,100
,,,,,,,,,,,,,,,,,,,,,,,,,,,,,,,
423,0107,7/9/26 10:23,3,20.874,20.676,0.198,10,3,0.027,0.194,0.167,8.9,0.806,0.5,0.899,75,STABLE,0,10.55,503,0,550,0,0,3,0,21.6,21,0,0,100
,,,,,,,,,,,,,,,,,,,,,,,,,,,,,,,
424,0107,7/9/26 10:34,4,20.874,20.627,0.247,10.1,3,0.027,0.239,0.212,8.9,0.829,0.7,0.9,75,STABLE,0,10.55,771,35,475,5,387,3,0,21.3,21,0,0,100
,,,,,,,,,,,,,,,,,,,,,,,,,,,,,,,
425,0107,7/9/26 10:44,3,20.874,20.691,0.183,10.1,3,0.027,0.192,0.165,8.9,0.878,0.5,0.898,75,STABLE,0.06,10.61,934,11,601,95,0,3,0,20.9,21,0,0,100
,,,,,,,,,,,,,,,,,,,,,,,,,,,,,,,
426,0107,7/9/26 10:55,3,20.874,20.687,0.187,10.1,3,0.027,0.192,0.165,8.9,0.856,0.5,0.899,75,STABLE,0,10.61,105,2,298,6,0,3,0,21.1,21,0,0,100
,,,,,,,,,,,,,,,,,,,,,,,,,,,,,,,
427,0107,7/9/26 11:05,3,20.874,20.674,0.2,10.1,3,0.027,0.199,0.172,8.9,0.829,0.5,0.899,75,STABLE,0,10.61,358,5,1206,9,0,3,0,21.3,21,0,0,100
,,,,,,,,,,,,,,,,,,,,,,,,,,,,,,,
428,0107,7/9/26 11:15,4,20.874,20.621,0.253,10.1,3,0.027,0.242,0.215,9,0.816,0.7,0.899,75,STABLE,0.37,10.98,1148,103,392,76,246,3,0,21.5,21,0,0,100
,,,,,,,,,,,,,,,,,,,,,,,,,,,,,,,
429,0107,7/9/26 11:26,4,20.874,20.638,0.236,10.2,3,0.027,0.246,0.219,9,0.909,0.6,0.898,75,STABLE,0,10.98,9,0,60,1,0,3,0,21.7,21,0,0,100
,,,,,,,,,,,,,,,,,,,,,,,,,,,,,,,
430,0107,7/9/26 11:36,4,20.874,20.625,0.249,10.2,4,0.027,0.262,0.235,9,0.929,0.7,0.898,75,UNSTABLE,0.17,11.15,1338,504,1327,628,27,3,0,21.2,21,0,0,100
,,,,,,,,,,,,,,,,,,,,,,,,,,,,,,,
431,0107,7/9/26 11:47,4,20.874,20.613,0.261,10.2,4,0.027,0.274,0.247,9,0.932,0.7,0.898,75,STABLE,0,11.15,928,341,975,378,17,3,0,20.9,21,0,0,100
,,,,,,,,,,,,,,,,,,,,,,,,,,,,,,,
432,0107,7/9/26 11:57,4,20.874,20.613,0.261,10.2,4,0.027,0.268,0.241,9,0.906,0.7,0.899,75,STABLE,0,11.15,1662,448,1092,470,2,3,0,21.1,21,0,0,100
,,,,,,,,,,,,,,,,,,,,,,,,,,,,,,,
433,0107,7/9/26 12:08,3,20.874,20.668,0.206,10.2,3,0.027,0.214,0.188,9.1,0.891,0.6,0.899,75,STABLE,0,11.15,6441,2,587,20,0,3,0,21.3,21,0,0,100
,,,,,,,,,,,,,,,,,,,,,,,,,,,,,,,
434,0107,7/9/26 12:18,3,20.874,20.661,0.213,10.3,3,0.027,0.218,0.191,9.1,0.874,0.6,0.9,75,STABLE,0,11.15,3378,20,880,16,0,3,0,21.5,21,0,0,100
,,,,,,,,,,,,,,,,,,,,,,,,,,,,,,,
435,0107,7/9/26 12:28,3,20.874,20.659,0.215,10.3,3,0.027,0.222,0.195,9.1,0.886,0.6,0.899,75,STABLE,0,11.15,3267,150,529,0,0,3,0,21.6,21,0,0,100
,,,,,,,,,,,,,,,,,,,,,,,,,,,,,,,
436,0107,7/9/26 12:39,4,20.874,20.64,0.234,10.3,3,0.026,0.243,0.217,9.1,0.911,0.6,0.899,75,STABLE,0,11.15,3759,617,159,14,0,3,0,21.4,21,0,0,100
,,,,,,,,,,,,,,,,,,,,,,,,,,,,,,,
437,0107,7/9/26 12:49,4,20.874,20.647,0.227,10.3,3,0.026,0.235,0.209,9.1,0.901,0.6,0.898,75,STABLE,0,11.15,2161,366,595,8,0,3,0,20.9,21,0,0,100
,,,,,,,,,,,,,,,,,,,,,,,,,,,,,,,
438,0107,7/9/26 13:00,3,20.874,20.652,0.222,10.4,3,0.027,0.228,0.202,9.2,0.887,0.6,0.899,75,STABLE,0,11.15,1839,177,348,2,0,3,0,21,21,0,0,100
,,,,,,,,,,,,,,,,,,,,,,,,,,,,,,,
439,0107,7/9/26 13:10,4,20.874,20.631,0.243,10.4,3,0.026,0.247,0.221,9.2,0.889,0.7,0.899,75,STABLE,0,11.15,1396,87,390,11,0,3,0,21.2,21,0,0,100
,,,,,,,,,,,,,,,,,,,,,,,,,,,,,,,
440,0107,7/9/26 13:20,3,20.874,20.655,0.219,10.4,3,0.026,0.228,0.201,9.2,0.898,0.6,0.899,75,STABLE,0,11.15,3330,9,122,15,0,3,0,21.4,21,0,0,100
,,,,,,,,,,,,,,,,,,,,,,,,,,,,,,,
441,0107,7/9/26 13:31,3,20.874,20.661,0.213,10.4,3,0.027,0.217,0.191,9.2,0.872,0.6,0.899,75,STABLE,0,11.15,1891,111,52,9,0,3,0,21.6,21,0,0,100
,,,,,,,,,,,,,,,,,,,,,,,,,,,,,,,
442,0107,7/9/26 13:41,4,20.874,20.648,0.226,10.4,3,0.026,0.233,0.206,9.2,0.893,0.6,0.898,75,STABLE,0,11.15,1287,90,808,159,0,3,0,21.4,21,0,0,100
,,,,,,,,,,,,,,,,,,,,,,,,,,,,,,,
443,0107,7/9/26 13:52,3,20.874,20.684,0.19,10.5,3,0.026,0.195,0.169,9.3,0.86,0.5,0.899,75,STABLE,0,11.15,1469,123,302,21,0,3,0,20.9,21,0,0,100
,,,,,,,,,,,,,,,,,,,,,,,,,,,,,,,
444,0107,7/9/26 14:02,3,20.874,20.666,0.208,10.5,3,0.026,0.215,0.189,9.3,0.888,0.6,0.899,75,STABLE,0,11.15,2401,214,148,6,0,3,0,21,21,0,0,100
,,,,,,,,,,,,,,,,,,,,,,,,,,,,,,,
445,0107,7/9/26 14:13,3,20.874,20.658,0.217,10.5,3,0.026,0.219,0.193,9.3,0.865,0.6,0.899,75,STABLE,0,11.15,1932,74,187,24,1,3,0,21.2,21,0,0,100
,,,,,,,,,,,,,,,,,,,,,,,,,,,,,,,
446,0107,7/9/26 14:23,3,20.874,20.69,0.184,10.5,2,0.026,0.184,0.158,9.3,0.828,0.5,0.9,75,STABLE,0,11.15,20,5,127,18,0,3,0,21.5,21,0,0,100
,,,,,,,,,,,,,,,,,,,,,,,,,,,,,,,
447,0107,7/9/26 14:33,3,20.874,20.663,0.211,10.5,3,0.026,0.21,0.184,9.3,0.842,0.6,0.899,75,STABLE,0,11.15,1426,142,82,27,0,3,0,21.7,21,0,0,100
,,,,,,,,,,,,,,,,,,,,,,,,,,,,,,,
448,0107,7/9/26 14:44,3,20.874,20.674,0.2,10.6,3,0.026,0.197,0.171,9.3,0.82,0.5,0.898,75,STABLE,0,11.15,1943,39,2246,1,0,3,0,21.2,21,0,0,100
,,,,,,,,,,,,,,,,,,,,,,,,,,,,,,,
449,0107,7/9/26 14:54,3,20.874,20.657,0.217,10.6,3,0.026,0.213,0.187,9.4,0.831,0.6,0.898,75,STABLE,0,11.15,2984,162,1378,6,0,3,0,20.9,21,0,0,100
,,,,,,,,,,,,,,,,,,,,,,,,,,,,,,,
450,0107,7/9/26 15:05,4,20.874,20.641,0.234,10.6,3,0.026,0.224,0.198,9.4,0.814,0.6,0.899,75,STABLE,0,11.15,1273,119,379,31,0,3,0,21.1,21,0,0,100
,,,,,,,,,,,,,,,,,,,,,,,,,,,,,,,
451,0107,7/9/26 15:15,4,20.874,20.603,0.272,10.6,4,0.026,0.259,0.232,9.4,0.824,0.7,0.9,75,STABLE,0,11.15,1197,475,965,384,233,3,0,21.4,21,0,0,100
,,,,,,,,,,,,,,,,,,,,,,,,,,,,,,,
452,0107,7/9/26 15:25,4,20.874,20.636,0.238,10.7,3,0.026,0.232,0.206,9.4,0.835,0.6,0.9,75,STABLE,0,11.15,442,87,427,116,268,3,0,21.5,21,0,0,100
,,,,,,,,,,,,,,,,,,,,,,,,,,,,,,,
453,0107,7/9/26 15:36,3,20.874,20.693,0.181,10.7,2,0.026,0.18,0.154,9.4,0.815,0.5,0.899,75,STABLE,0,11.15,38,0,54,11,0,3,0,21.6,21,0,0,100
,,,,,,,,,,,,,,,,,,,,,,,,,,,,,,,
454,0107,7/9/26 15:46,3,20.874,20.684,0.19,10.7,2,0.026,0.184,0.158,9.4,0.799,0.5,0.899,75,STABLE,0,11.15,30,0,792,5,0,3,0,21.1,21,0,0,100
,,,,,,,,,,,,,,,,,,,,,,,,,,,,,,,
455,0107,7/9/26 15:57,3,20.874,20.67,0.204,10.7,3,0.026,0.198,0.172,9.5,0.81,0.6,0.898,75,STABLE,0,11.15,392,17,802,23,0,3,0,20.9,21,0,0,100
,,,,,,,,,,,,,,,,,,,,,,,,,,,,,,,
456,0107,7/9/26 16:07,3,20.874,20.657,0.217,10.7,3,0.026,0.205,0.178,9.5,0.784,0.6,0.899,75,STABLE,0,11.15,307,36,458,34,0,3,0,21.1,21,0,0,100
,,,,,,,,,,,,,,,,,,,,,,,,,,,,,,,
457,0107,7/9/26 16:18,3,20.874,20.667,0.207,10.7,3,0.026,0.195,0.169,9.5,0.781,0.6,0.9,75,STABLE,0,11.15,129,3,375,25,0,3,0,21.4,21,0,0,100
,,,,,,,,,,,,,,,,,,,,,,,,,,,,,,,
458,0107,7/9/26 16:28,3,20.874,20.678,0.197,10.8,2,0.026,0.187,0.161,9.5,0.782,0.5,0.899,75,STABLE,0,11.15,2835,5,1498,102,0,3,0,21.6,21,0,0,100
,,,,,,,,,,,,,,,,,,,,,,,,,,,,,,,
459,0107,7/9/26 16:38,3,20.874,20.693,0.182,10.8,2,0.026,0.173,0.147,9.5,0.772,0.5,0.9,75,STABLE,0,11.15,2294,29,988,33,1,3,0,21.7,21,0,0,100
,,,,,,,,,,,,,,,,,,,,,,,,,,,,,,,
460,0107,7/9/26 16:49,3,20.874,20.704,0.171,10.8,2,0.026,0.164,0.138,9.5,0.77,0.5,0.898,75,STABLE,0,11.15,1199,8,52,14,0,3,0,21.1,21,0,0,100
,,,,,,,,,,,,,,,,,,,,,,,,,,,,,,,
461,0107,7/9/26 16:59,3,20.874,20.67,0.205,10.8,3,0.026,0.195,0.169,9.5,0.788,0.6,0.898,75,STABLE,0,11.15,339,33,270,50,0,3,0,21,21,0,0,100
,,,,,,,,,,,,,,,,,,,,,,,,,,,,,,,
462,0107,7/9/26 17:10,4,20.874,20.647,0.227,10.8,3,0.026,0.212,0.186,9.6,0.783,0.6,0.899,75,STABLE,0.13,11.28,306,45,356,5,0,3,0,21.2,21,0,0,100
,,,,,,,,,,,,,,,,,,,,,,,,,,,,,,,
463,0107,7/9/26 17:20,3,20.874,20.663,0.211,10.9,3,0.026,0.196,0.17,9.6,0.764,0.6,0.899,75,STABLE,0,11.28,228,3,3,0,0,3,0,21.4,21,0,0,100
,,,,,,,,,,,,,,,,,,,,,,,,,,,,,,,
464,0107,7/9/26 17:30,3,20.874,20.656,0.219,10.9,3,0.026,0.203,0.177,9.6,0.772,0.6,0.899,75,UNSTABLE,0,11.28,1362,72,349,27,53,3,0,21.6,21,0,0,100
,,,,,,,,,,,,,,,,,,,,,,,,,,,,,,,
465,0107,7/9/26 17:41,4,20.874,20.615,0.259,10.9,3,0.026,0.253,0.227,9.6,0.848,0.7,0.9,75,UNSTABLE,0,11.28,226,9,30,5,793,3,0,21.7,21,0,0,100
,,,,,,,,,,,,,,,,,,,,,,,,,,,,,,,
466,0107,7/9/26 17:51,4,20.874,20.616,0.258,10.9,4,0.026,0.269,0.243,9.6,0.928,0.7,0.899,75,STABLE,0,11.28,875,122,692,142,125,3,0,21,21,0,0,100
,,,,,,,,,,,,,,,,,,,,,,,,,,,,,,,
467,0107,7/9/26 18:02,3,20.874,20.686,0.188,11,3,0.026,0.195,0.169,9.7,0.873,0.5,0.899,75,STABLE,0,11.28,290,49,422,46,0,3,0,20.9,21,0,0,100
,,,,,,,,,,,,,,,,,,,,,,,,,,,,,,,
468,0107,7/9/26 18:12,3,20.874,20.661,0.213,11,3,0.026,0.213,0.188,9.7,0.853,0.6,0.9,75,STABLE,0,11.28,54,2,119,2,0,3,0,21.2,21,0,0,100
,,,,,,,,,,,,,,,,,,,,,,,,,,,,,,,
469,0107,7/9/26 18:23,4,20.874,20.646,0.228,11,3,0.026,0.225,0.198,9.7,0.839,0.6,0.899,75,UNSTABLE,0,11.28,430,36,247,29,112,3,0,21.4,21,0,0,100
,,,,,,,,,,,,,,,,,,,,,,,,,,,,,,,
470,0107,7/9/26 18:33,4,20.874,20.595,0.279,11,4,0.026,0.281,0.255,9.7,0.893,0.8,0.9,75,UNSTABLE,0.1,11.38,475,153,478,134,1003,3,0,21.5,21,0,0,0
,,,,,,,,,,,,,,,,,,,,,,,,,,,,,,,
471,0107,7/9/26 18:43,4,20.874,20.591,0.283,11,4,0.026,0.294,0.269,9.7,0.936,0.8,0.9,75,UNSTABLE,0,11.38,1073,419,958,395,506,3,0,21.4,21,0,0,0
,,,,,,,,,,,,,,,,,,,,,,,,,,,,,,,
472,0107,7/9/26 18:54,3,20.874,20.651,0.224,11.1,3,0.026,0.241,0.215,9.8,0.951,0.6,0.899,75,STABLE,0,11.38,1133,135,279,8,189,3,0,21.3,21,0,0,0
,,,,,,,,,,,,,,,,,,,,,,,,,,,,,,,
473,0107,7/9/26 19:04,3,20.874,20.66,0.214,11.1,3,0.026,0.233,0.207,9.8,0.958,0.6,0.9,75,STABLE,0,11.38,481,7,60,14,0,3,0,21.3,21,0,0,0
,,,,,,,,,,,,,,,,,,,,,,,,,,,,,,,
474,0107,7/9/26 19:15,3,20.874,20.65,0.224,11.1,3,0.026,0.237,0.21,9.8,0.923,0.6,0.899,75,STABLE,0,11.38,298,4,108,5,0,3,0,21.2,21,0,0,0
,,,,,,,,,,,,,,,,,,,,,,,,,,,,,,,
475,0107,7/9/26 19:25,4,20.874,20.648,0.227,11.1,3,0.026,0.23,0.203,9.8,0.874,0.6,0.9,75,STABLE,0,11.38,5113,217,1239,72,0,3,0,21.1,21,0,0,0
,,,,,,,,,,,,,,,,,,,,,,,,,,,,,,,
476,0107,7/9/26 19:35,4,20.874,20.619,0.255,11.2,3,0.026,0.256,0.23,9.8,0.879,0.7,0.899,75,UNSTABLE,0,11.38,2209,55,989,12,393,3,0,21,21,0,0,0
,,,,,,,,,,,,,,,,,,,,,,,,,,,,,,,
477,0107,7/9/26 19:46,4,20.874,20.615,0.259,11.2,4,0.026,0.277,0.25,9.9,0.957,0.7,0.899,75,STABLE,0.15,11.54,1339,127,485,121,44,3,0,20.9,21,0,0,0
,,,,,,,,,,,,,,,,,,,,,,,,,,,,,,,
478,0107,7/9/26 19:56,4,20.874,20.639,0.235,11.2,3,0.026,0.243,0.217,9.9,0.905,0.6,0.899,75,STABLE,0,11.54,129,0,159,0,0,3,0,20.9,21,0,0,0
,,,,,,,,,,,,,,,,,,,,,,,,,,,,,,,
479,0107,7/9/26 20:07,4,20.874,20.624,0.25,11.2,3,0.026,0.25,0.225,9.9,0.875,0.7,0.899,75,UNSTABLE,0,11.54,1263,61,484,108,14,3,0,21.1,21,0,0,0
,,,,,,,,,,,,,,,,,,,,,,,,,,,,,,,
480,0107,7/9/26 20:17,4,20.874,20.596,0.278,11.3,4,0.026,0.285,0.26,9.9,0.917,0.8,0.899,75,STABLE,0.08,11.61,854,182,599,112,606,3,0,21.4,21,0,0,0
,,,,,,,,,,,,,,,,,,,,,,,,,,,,,,,
481,0107,7/9/26 20:28,4,20.874,20.602,0.272,11.3,4,0.026,0.286,0.26,10,0.945,0.7,0.899,75,STABLE,0.07,11.68,1847,355,637,248,499,3,0,21.7,21,0,0,0
,,,,,,,,,,,,,,,,,,,,,,,,,,,,,,,
482,0107,7/9/26 20:38,4,20.874,20.607,0.267,11.3,4,0.026,0.283,0.257,10,0.953,0.7,0.9,75,UNSTABLE,0,11.68,218,38,287,12,106,3,0,21.6,21,0,0,0
,,,,,,,,,,,,,,,,,,,,,,,,,,,,,,,
483,0107,7/9/26 20:48,4,20.874,20.603,0.271,11.3,4,0.026,0.286,0.261,10,0.952,0.7,0.899,75,STABLE,0.04,11.73,1069,138,278,28,75,3,0,21.5,21,0,0,0
,,,,,,,,,,,,,,,,,,,,,,,,,,,,,,,
484,0107,7/9/26 20:59,4,20.874,20.606,0.268,11.4,4,0.026,0.273,0.247,10,0.904,0.7,0.899,75,UNSTABLE,0,11.73,3491,921,1433,54,392,3,0,21.5,21,0,0,0
,,,,,,,,,,,,,,,,,,,,,,,,,,,,,,,
485,0107,7/9/26 21:09,4,20.874,20.594,0.28,11.4,4,0.026,0.296,0.27,10,0.954,0.8,0.899,75,STABLE,0.12,11.85,1380,125,463,46,851,3,0,21.4,21,0,0,0
,,,,,,,,,,,,,,,,,,,,,,,,,,,,,,,
486,0107,7/9/26 21:20,4,20.874,20.626,0.248,11.4,4,0.026,0.265,0.239,10.1,0.953,0.7,0.899,75,UNSTABLE,0,11.85,2603,363,315,17,42,3,0,21.3,21,0,0,0
,,,,,,,,,,,,,,,,,,,,,,,,,,,,,,,
487,0107,7/9/26 21:30,4,20.874,20.584,0.29,11.4,4,0.026,0.31,0.283,10.1,0.97,0.8,0.899,75,UNSTABLE,0.06,11.91,1477,200,464,113,1161,2.9,0,21.2,21,0,0,0
,,,,,,,,,,,,,,,,,,,,,,,,,,,,,,,
488,0107,7/9/26 21:40,5,20.874,20.571,0.303,11.5,5,0.027,0.327,0.301,10.1,0.989,0.8,0.899,75,UNSTABLE,0.05,11.96,1647,302,612,239,1668,2.9,0,21.1,21,0,0,0
,,,,,,,,,,,,,,,,,,,,,,,,,,,,,,,
489,0107,7/9/26 21:51,5,20.874,20.576,0.298,11.5,5,0.027,0.325,0.299,10.2,1.001,0.8,0.899,75,UNSTABLE,0.08,12.04,1657,339,781,364,1396,2.9,0,21,21,0,0,0
,,,,,,,,,,,,,,,,,,,,,,,,,,,,,,,
490,0107,7/9/26 22:01,4,20.874,20.628,0.246,11.5,4,0.027,0.273,0.247,10.2,1.004,0.7,0.899,75,STABLE,0.05,12.09,2022,329,370,109,447,2.9,0,20.9,21,0,0,0
,,,,,,,,,,,,,,,,,,,,,,,,,,,,,,,
491,0107,7/9/26 22:12,4,20.874,20.606,0.268,11.5,4,0.027,0.294,0.267,10.2,0.997,0.7,0.9,75,UNSTABLE,0,12.09,4083,893,298,44,695,2.9,0,20.9,21,0,0,0
,,,,,,,,,,,,,,,,,,,,,,,,,,,,,,,
492,0107,7/9/26 22:22,4,20.874,20.594,0.281,11.6,4,0.027,0.311,0.284,10.2,1.014,0.8,0.9,75,STABLE,0.26,12.35,1110,169,422,56,1409,3,0,21.1,21,0,0,0
,,,,,,,,,,,,,,,,,,,,,,,,,,,,,,,
493,0107,7/9/26 22:33,4,20.874,20.588,0.286,11.6,4,0.027,0.316,0.289,10.3,1.013,0.8,0.9,75,STABLE,0.07,12.42,1227,434,1181,513,611,3,0,21.4,21,0,0,0
,,,,,,,,,,,,,,,,,,,,,,,,,,,,,,,
494,0107,7/9/26 22:43,4,20.874,20.595,0.28,11.6,4,0.028,0.31,0.282,10.3,1.012,0.8,0.901,75,UNSTABLE,0,12.42,948,215,700,132,245,3,0,21.7,21,0,0,0
,,,,,,,,,,,,,,,,,,,,,,,,,,,,,,,
495,0107,7/9/26 22:53,4,20.874,20.597,0.277,11.6,4,0.028,0.308,0.281,10.3,1.015,0.8,0.9,75,STABLE,0.07,12.49,1029,118,448,68,524,2.9,0,21.6,21,0,0,0
,,,,,,,,,,,,,,,,,,,,,,,,,,,,,,,
496,0107,7/9/26 23:04,4,20.874,20.602,0.272,11.7,4,0.028,0.297,0.268,10.3,0.982,0.7,0.9,75,STABLE,0.04,12.53,3037,350,245,38,0,2.9,0,21.6,21,0,0,0
,,,,,,,,,,,,,,,,,,,,,,,,,,,,,,,
497,0107,7/9/26 23:14,4,20.874,20.626,0.248,11.7,4,0.028,0.27,0.241,10.4,0.966,0.7,0.899,75,STABLE,0,12.53,3633,683,171,26,0,2.9,0,21.5,21,0,0,0
,,,,,,,,,,,,,,,,,,,,,,,,,,,,,,,
498,0107,7/9/26 23:25,4,20.874,20.623,0.251,11.7,4,0.028,0.271,0.243,10.4,0.96,0.7,0.899,75,STABLE,0.04,12.57,643,42,135,19,0,2.9,0,21.4,21,0,0,0
,,,,,,,,,,,,,,,,,,,,,,,,,,,,,,,
499,0107,7/9/26 23:35,4,20.874,20.61,0.264,11.7,4,0.028,0.287,0.259,10.4,0.972,0.7,0.899,75,UNSTABLE,0,12.57,645,93,247,14,608,2.9,0,21.4,21,0,0,0
,,,,,,,,,,,,,,,,,,,,,,,,,,,,,,,
500,0107,7/9/26 23:45,4,20.874,20.604,0.27,11.8,4,0.028,0.3,0.271,10.4,1.006,0.7,0.899,75,STABLE,0.56,13.13,506,206,402,185,126,2.9,0,21.4,21,0,0,0
,,,,,,,,,,,,,,,,,,,,,,,,,,,,,,,
501,0107,7/9/26 23:56,4,20.874,20.594,0.28,11.8,4,0.028,0.312,0.284,10.5,1.017,0.8,0.9,75,STABLE,0,13.13,2156,403,827,357,128,2.9,0,21.3,21,0,0,0
,,,,,,,,,,,,,,,,,,,,,,,,,,,,,,,
502,0107,7/10/26 0:06,4,20.874,20.591,0.283,11.8,4,0.029,0.313,0.285,10.5,1.007,0.8,0.9,75,STABLE,0,13.13,1769,672,1375,682,147,2.9,0,21.3,21,0,0,0
,,,,,,,,,,,,,,,,,,,,,,,,,,,,,,,
503,0107,7/10/26 0:17,4,20.874,20.593,0.281,11.8,4,0.029,0.311,0.282,10.5,1.004,0.8,0.9,75,STABLE,0,13.13,1238,522,1337,720,331,2.9,0,21.2,21,0,0,0
,,,,,,,,,,,,,,,,,,,,,,,,,,,,,,,
504,0107,7/10/26 0:27,4,20.874,20.609,0.265,11.9,4,0.029,0.294,0.265,10.5,0.998,0.7,0.899,75,STABLE,0,13.13,1595,239,507,63,15,2.9,0,21.2,21,0,0,0
,,,,,,,,,,,,,,,,,,,,,,,,,,,,,,,
505,0107,7/10/26 0:38,4,20.874,20.617,0.257,11.9,4,0.029,0.283,0.253,10.6,0.982,0.7,0.899,75,STABLE,0,13.13,1347,34,615,70,0,2.9,0,21.1,21,0,0,0
,,,,,,,,,,,,,,,,,,,,,,,,,,,,,,,
506,0107,7/10/26 0:48,4,20.874,20.637,0.237,11.9,4,0.03,0.262,0.233,10.6,0.979,0.6,0.899,75,STABLE,0,13.13,1329,215,379,16,0,2.9,0,21,21,0,0,0
,,,,,,,,,,,,,,,,,,,,,,,,,,,,,,,
507,0107,7/10/26 0:58,4,20.874,20.638,0.237,11.9,4,0.03,0.262,0.232,10.6,0.977,0.6,0.898,75,STABLE,0,13.13,2704,61,310,30,0,2.9,0,20.9,21,0,0,0
,,,,,,,,,,,,,,,,,,,,,,,,,,,,,,,
508,0107,7/10/26 1:09,4,20.874,20.643,0.231,12,3,0.031,0.255,0.224,10.6,0.96,0.6,0.898,75,STABLE,0,13.13,1678,11,132,7,0,2.9,0,20.8,21,0,0,0
,,,,,,,,,,,,,,,,,,,,,,,,,,,,,,,
509,0107,7/10/26 1:19,3,20.874,20.651,0.223,12,3,0.031,0.25,0.219,10.6,0.979,0.6,0.899,75,STABLE,0,13.13,51,9,583,43,0,3,0,20.9,21,0,0,0
,,,,,,,,,,,,,,,,,,,,,,,,,,,,,,,
510,0107,7/10/26 1:30,3,20.874,20.65,0.224,12,3,0.031,0.248,0.217,10.7,0.96,0.6,0.899,75,STABLE,0,13.13,113,7,648,21,0,3,0,21.1,21,0,0,0
,,,,,,,,,,,,,,,,,,,,,,,,,,,,,,,
511,0107,7/10/26 1:40,3,20.874,20.653,0.221,12,3,0.031,0.243,0.212,10.7,0.951,0.6,0.899,75,STABLE,0,13.13,1262,1,236,16,0,3,0,21.4,21,0,0,0
,,,,,,,,,,,,,,,,,,,,,,,,,,,,,,,
512,0107,7/10/26 1:50,4,20.874,20.638,0.236,12,4,0.032,0.264,0.232,10.7,0.978,0.6,0.899,75,STABLE,0,13.13,557,44,410,64,0,2.9,0,21.7,21,0,0,0
,,,,,,,,,,,,,,,,,,,,,,,,,,,,,,,
513,0107,7/10/26 2:01,4,20.874,20.607,0.267,12.1,4,0.032,0.296,0.264,10.7,0.984,0.7,0.899,75,UNSTABLE,0,13.13,861,157,390,75,176,3,0,21.6,21,0,0,0
,,,,,,,,,,,,,,,,,,,,,,,,,,,,,,,
514,0107,7/10/26 2:11,4,20.874,20.585,0.289,12.1,4,0.032,0.323,0.291,10.8,1.006,0.8,0.9,75,STABLE,0.08,13.21,735,165,476,99,194,3,0,21.6,21,0,0,0
,,,,,,,,,,,,,,,,,,,,,,,,,,,,,,,
515,0107,7/10/26 2:22,4,20.874,20.585,0.289,12.1,4,0.033,0.324,0.291,10.8,1.011,0.8,0.901,75,STABLE,0.12,13.33,1237,387,1004,290,365,3,0,21.5,21,0,0,0
,,,,,,,,,,,,,,,,,,,,,,,,,,,,,,,
516,0107,7/10/26 2:32,4,20.874,20.597,0.277,12.2,4,0.033,0.312,0.279,10.8,1.009,0.8,0.9,75,UNSTABLE,0.04,13.37,1223,291,1221,217,337,3,0,21.5,21,0,0,0
,,,,,,,,,,,,,,,,,,,,,,,,,,,,,,,
517,0107,7/10/26 2:43,4,20.874,20.631,0.243,12.2,4,0.033,0.278,0.244,10.8,1.006,0.7,0.901,75,STABLE,0.06,13.42,1600,121,118,14,20,3,0,21.4,21,0,0,0
,,,,,,,,,,,,,,,,,,,,,,,,,,,,,,,
518,0107,7/10/26 2:53,4,20.874,20.585,0.289,12.2,4,0.034,0.326,0.292,10.9,1.014,0.8,0.901,75,UNSTABLE,0,13.42,1845,501,489,168,372,3,0,21.4,21,0,0,0
,,,,,,,,,,,,,,,,,,,,,,,,,,,,,,,
519,0107,7/10/26 3:03,5,20.874,20.577,0.297,12.2,5,0.034,0.334,0.3,10.9,1.011,0.8,0.9,75,UNSTABLE,0.07,13.49,1157,462,1918,796,423,3,0,21.3,21,0,0,0
,,,,,,,,,,,,,,,,,,,,,,,,,,,,,,,
520,0107,7/10/26 3:14,4,20.874,20.587,0.287,12.3,4,0.034,0.324,0.291,10.9,1.015,0.8,0.9,75,UNSTABLE,0.05,13.54,964,193,561,192,284,2.9,0,21.3,21,0,0,0
,,,,,,,,,,,,,,,,,,,,,,,,,,,,,,,
521,0107,7/10/26 3:24,4,20.874,20.623,0.252,12.3,4,0.034,0.289,0.255,10.9,1.019,0.7,0.899,75,STABLE,0.13,13.67,867,279,603,254,374,3,0,21.2,21,0,0,0
,,,,,,,,,,,,,,,,,,,,,,,,,,,,,,,
522,0107,7/10/26 3:35,3,20.874,20.647,0.227,12.3,3,0.034,0.262,0.228,11,1.001,0.6,0.9,75,STABLE,0,13.67,0,0,0,0,971,3,0,21.1,21,0,0,0
,,,,,,,,,,,,,,,,,,,,,,,,,,,,,,,
523,0107,7/10/26 3:45,4,20.874,20.612,0.262,12.3,4,0.034,0.296,0.262,11,1,0.7,0.9,75,UNSTABLE,0,13.67,850,205,588,188,267,2.9,0,21.1,21,0,0,0
,,,,,,,,,,,,,,,,,,,,,,,,,,,,,,,
524,0107,7/10/26 3:55,4,20.874,20.598,0.276,12.4,4,0.034,0.311,0.277,11,1.004,0.8,0.899,75,STABLE,0,13.67,820,155,590,157,540,3,0,20.9,21,0,0,0
,,,,,,,,,,,,,,,,,,,,,,,,,,,,,,,
525,0107,7/10/26 4:06,4,20.874,20.589,0.286,12.4,4,0.034,0.318,0.285,11,0.995,0.8,0.898,75,UNSTABLE,0,13.67,1240,305,539,215,153,3,0,20.9,21,0,0,0
,,,,,,,,,,,,,,,,,,,,,,,,,,,,,,,
526,0107,7/10/26 4:16,4,20.874,20.585,0.289,12.4,4,0.034,0.32,0.286,11.1,0.986,0.8,0.899,75,UNSTABLE,0.04,13.71,1238,180,321,59,275,3,0,20.9,21,0,0,0
,,,,,,,,,,,,,,,,,,,,,,,,,,,,,,,
527,0107,7/10/26 4:27,5,20.874,20.578,0.296,12.4,4,0.035,0.329,0.294,11.1,0.994,0.8,0.899,75,UNSTABLE,0.06,13.77,1397,263,651,226,435,3,0,20.9,21,0,0,0
,,,,,,,,,,,,,,,,,,,,,,,,,,,,,,,
528,0107,7/10/26 4:37,4,20.874,20.579,0.296,12.5,4,0.034,0.33,0.295,11.1,1,0.8,0.899,75,UNSTABLE,0.04,13.8,1591,431,859,263,373,2.9,0,21,21,0,0,0
,,,,,,,,,,,,,,,,,,,,,,,,,,,,,,,
529,0107,7/10/26 4:48,5,20.874,20.577,0.298,12.5,5,0.035,0.332,0.297,11.1,0.998,0.8,0.899,75,UNSTABLE,0.04,13.84,710,202,616,197,1260,3,0,21.3,21,0,0,0
,,,,,,,,,,,,,,,,,,,,,,,,,,,,,,,
530,0107,7/10/26 4:58,5,20.874,20.578,0.297,12.5,4,0.035,0.331,0.296,11.2,0.997,0.8,0.899,75,STABLE,0.12,13.96,1160,277,686,181,950,3,0,21.6,21,0,0,0
,,,,,,,,,,,,,,,,,,,,,,,,,,,,,,,
531,0107,7/10/26 5:08,4,20.874,20.582,0.292,12.5,4,0.035,0.327,0.291,11.2,0.995,0.8,0.899,75,UNSTABLE,0.05,14.01,955,300,1033,405,580,2.9,0,21.7,21,0,0,0
,,,,,,,,,,,,,,,,,,,,,,,,,,,,,,,
532,0107,7/10/26 5:19,4,20.874,20.608,0.266,12.6,4,0.036,0.299,0.263,11.2,0.986,0.7,0.899,75,STABLE,0.06,14.07,1480,352,985,255,10,2.9,0,21.6,21,0,0,0
,,,,,,,,,,,,,,,,,,,,,,,,,,,,,,,
533,0107,7/10/26 5:29,4,20.874,20.611,0.263,12.6,4,0.036,0.295,0.259,11.3,0.983,0.7,0.899,75,STABLE,0,14.07,1135,182,689,172,640,2.9,0,21.6,21,0,0,0
,,,,,,,,,,,,,,,,,,,,,,,,,,,,,,,
534,0107,7/10/26 5:40,4,20.874,20.594,0.28,12.6,4,0.036,0.311,0.275,11.3,0.979,0.8,0.899,75,STABLE,0,14.07,1370,117,531,44,0,2.9,0,21.5,21,0,0,0
,,,,,,,,,,,,,,,,,,,,,,,,,,,,,,,
535,0107,7/10/26 5:50,4,20.874,20.635,0.239,12.6,3,0.036,0.263,0.227,11.3,0.937,0.6,0.899,75,STABLE,0,14.07,773,19,206,24,0,2.9,0,21.5,21,0,0,0
,,,,,,,,,,,,,,,,,,,,,,,,,,,,,,,
536,0107,7/10/26 6:00,4,20.874,20.609,0.265,12.7,4,0.036,0.283,0.247,11.3,0.913,0.7,0.899,75,STABLE,0,14.07,2213,27,84,21,0,2.9,0,21.4,21,0,0,0
,,,,,,,,,,,,,,,,,,,,,,,,,,,,,,,
537,0107,7/10/26 6:11,4,20.874,20.637,0.237,12.7,3,0.036,0.254,0.218,11.3,0.902,0.6,0.899,75,STABLE,0,14.07,90,8,190,51,0,2.9,0,21.3,21,0,0,0
,,,,,,,,,,,,,,,,,,,,,,,,,,,,,,,
538,0107,7/10/26 6:21,4,20.874,20.632,0.243,12.7,3,0.036,0.259,0.222,11.4,0.897,0.7,0.899,75,STABLE,0.09,14.15,777,86,344,124,8,2.9,0,21.3,21,0,0,0
,,,,,,,,,,,,,,,,,,,,,,,,,,,,,,,
539,0107,7/10/26 6:32,4,20.874,20.594,0.28,12.7,4,0.036,0.298,0.261,11.4,0.918,0.8,0.9,75,STABLE,0.1,14.25,1507,277,531,162,846,3,0,21.2,21,0,0,100
,,,,,,,,,,,,,,,,,,,,,,,,,,,,,,,
540,0107,7/10/26 6:42,4,20.874,20.595,0.28,12.8,4,0.036,0.303,0.266,11.4,0.941,0.8,0.9,75,STABLE,0,14.25,1762,796,1841,1017,32,3,0,21.5,21,0,0,100
,,,,,,,,,,,,,,,,,,,,,,,,,,,,,,,
541,0107,7/10/26 6:53,4,20.874,20.608,0.266,12.8,4,0.037,0.289,0.252,11.4,0.934,0.7,0.899,75,UNSTABLE,0.07,14.32,1693,679,1495,794,388,2.9,0,21.7,21,0,0,100
,,,,,,,,,,,,,,,,,,,,,,,,,,,,,,,
542,0107,7/10/26 7:03,4,20.874,20.607,0.267,12.8,4,0.037,0.296,0.26,11.5,0.966,0.7,0.899,75,STABLE,0,14.32,1956,607,1861,894,86,3,0,21.2,21,0,0,100
,,,,,,,,,,,,,,,,,,,,,,,,,,,,,,,
543,0107,7/10/26 7:13,4,20.874,20.614,0.26,12.8,4,0.037,0.287,0.25,11.5,0.954,0.7,0.898,75,STABLE,0,14.32,1528,549,1504,811,200,3,0,20.9,21,0,0,100
,,,,,,,,,,,,,,,,,,,,,,,,,,,,,,,
544,0107,7/10/26 7:24,4,20.874,20.625,0.249,12.9,4,0.037,0.274,0.236,11.5,0.936,0.7,0.899,75,STABLE,0,14.32,1330,367,1133,446,46,2.9,0,21.2,21,0,0,100
,,,,,,,,,,,,,,,,,,,,,,,,,,,,,,,
545,0107,7/10/26 7:34,3,20.874,20.684,0.19,12.9,3,0.037,0.206,0.169,11.5,0.862,0.5,0.899,75,STABLE,0,14.32,344,17,1814,0,0,3,0,21.4,21,0,0,100
,,,,,,,,,,,,,,,,,,,,,,,,,,,,,,,
546,0107,7/10/26 7:45,4,20.874,20.649,0.226,12.9,3,0.037,0.233,0.195,11.5,0.837,0.6,0.9,75,STABLE,0,14.32,1260,14,828,0,0,3,0,21.7,21,0,0,100
,,,,,,,,,,,,,,,,,,,,,,,,,,,,,,,
547,0107,7/10/26 7:55,3,20.874,20.684,0.19,12.9,2,0.037,0.195,0.158,11.6,0.795,0.5,0.898,75,STABLE,0,14.32,22,0,0,0,0,3,0,21.1,21,0,0,100
,,,,,,,,,,,,,,,,,,,,,,,,,,,,,,,
548,0107,7/10/26 8:05,3,20.874,20.678,0.196,12.9,3,0.037,0.206,0.169,11.6,0.828,0.5,0.899,75,STABLE,0,14.32,51,0,0,0,0,3,0,20.9,21,0,0,100
,,,,,,,,,,,,,,,,,,,,,,,,,,,,,,,
549,0107,7/10/26 8:16,3,20.874,20.676,0.198,13,3,0.037,0.207,0.17,11.6,0.827,0.5,0.899,75,STABLE,0,14.32,461,70,13,0,0,3,0,21.2,21,0,0,100
,,,,,,,,,,,,,,,,,,,,,,,,,,,,,,,
550,0107,7/10/26 8:26,4,20.874,20.644,0.23,13,3,0.036,0.225,0.189,11.6,0.785,0.6,0.9,75,STABLE,0,14.32,4403,627,31,1,0,3,0,21.4,21,0,0,100
,,,,,,,,,,,,,,,,,,,,,,,,,,,,,,,
,,,,,,,,,,,,,,,,,,,,,,,,,,,,,,,
,,,,,,,,,,,,,,,,,,,,,,,,,,,,,,,
:EVENTS,,,,,,,,,,,,,,,,,,,,,,,,,,,,,,,
,,,,,,,,,,,,,,,,,,,,,,,,,,,,,,,
===============,===============,===============,===============,,,,,,,,,,,,,,,,,,,,,,,,,,,,
,,,,,,,,,,,,,,,,,,,,,,,,,,,,,,,
INTERVAL,,DATE/TIME,DESC.,,,,,,,,,,,,,,,,,,,,,,,,,,,,
,,,,,,,,,,,,,,,,,,,,,,,,,,,,,,,
===============,===============,===============,===============,,,,,,,,,,,,,,,,,,,,,,,,,,,,
,,,,,,,,,,,,,,,,,,,,,,,,,,,,,,,
141,,7/7/26 9:29,REPLACED RESTRICOR AND FILTER FOR AIR FLOW TO CAGE 8,,,,,,,,,,,,,,,,,,,,,,,,,,,,
,,,,,,,,,,,,,,,,,,,,,,,,,,,,,,,
279,,7/8/26 9:24,NO issues,,,,,,,,,,,,,,,,,,,,,,,,,,,,
,,,,,,,,,,,,,,,,,,,,,,,,,,,,,,,
415,,7/9/26 9:06,no issues,,,,,,,,,,,,,,,,,,,,,,,,,,,,